"SeaLevelPressureAvgInches; SeaLevelPressureLowInches; VisibilityHighMiles; VisibilityAvgMiles; VisibilityLowMiles; WindHighMPH; WindAvgMPH; WindGustMPH; PrecipitationSumInches; Events; RainToday"
"29.68; 29.59; 10; 7; 2; 20; 4; 31; 0.46; Rain , Thunderstorm; 0"
"30.13; 29.87; 10; 10; 5; 16; 6; 25; 0;  ; 0"
"30.49; 30.41; 10; 10; 10; 8; 3; 12; 0;  ; 1"
"30.45; 30.3; 10; 10; 7; 12; 4; 20; 0;  ; 0"
"30.33; 30.27; 10; 10; 7; 10; 2; 16; T;  ; 1"
"30.4; 30.34; 10; 9; 7; 12; 3; 17; 0;  ; 0"
"30.39; 30.34; 10; 9; 7; 7; 1; 11; T;  ; 0"
"30.17; 30.04; 10; 10; 7; 10; 2; 14; T;  ; 0"
"30.1; 29.99; 10; 10; 4; 17; 5; 24; 0;  ; 0"
"30.33; 30.26; 10; 10; 10; 13; 5; 21; 0;  ; 0"
"30.39; 30.27; 10; 10; 10; 8; 1; 12; 0;  ; 0"
"30.11; 30.01; 10; 10; 8; 13; 4; 22; 0;  ; 1"
"30.37; 30.15; 10; 10; 9; 21; 8; 31; 0;  ; 1"
"30.35; 30.14; 10; 10; 10; 14; 4; 21; 0;  ; 0"
"29.95; 29.81; 10; 10; 8; 16; 7; 28; 0;  ; 1"
"30.08; 29.79; 10; 10; 4; 21; 10; 34; 0;  ; 0"
"30.68; 30.5; 10; 10; 10; 17; 7; 27; 0;  ; 0"
"30.52; 30.36; 10; 10; 10; 13; 5; 22; 0;  ; 1"
"30.2; 30.12; 10; 2; 1; 12; 1; 18; 0.16; Rain; 0"
"30.11; 30; 10; 4; 0; 12; 3; 19; 0; Fog; 0"
"29.87; 29.75; 10; 8; 1; 13; 6; 21; 0.1; Rain; 1"
"30.06; 29.87; 10; 9; 5; 12; 3; 19; 0;  ; 0"
"30.01; 29.9; 10; 10; 10; 15; 4; 24; 0.01; Rain; 1"
"30.01; 29.86; 10; 9; 7; 17; 7; 29; 0;  ; 1"
"30.13; 30.01; 10; 10; 10; 16; 5; 29; 0;  ; 0"
"30.33; 30.17; 10; 10; 10; 14; 4; 21; 0;  ; 0"
"30.13; 30.06; 10; 10; 10; 14; 4; 20; 0;  ; 0"
"30.29; 30.21; 10; 10; 9; 14; 5; 21; 0;  ; 0"
"30.19; 30.1; 10; 10; 10; 12; 2; 19; 0;  ; 1"
"30.22; 30.12; 10; 10; 10; 9; 3; 16; 0;  ; 0"
"30; 29.85; 10; 10; 10; 16; 5; 26; 0;  ; 1"
"30.31; 30.19; 10; 10; 10; 15; 6; 25; 0;  ; 1"
"30.11; 30.01; 10; 10; 10; 12; 4; 18; 0;  ; 1"
"30.47; 30.06; 10; 8; 2; 20; 9; 31; 0.06; Rain , Snow; 1"
"30.63; 30.4; 10; 9; 3; 16; 5; 24; 0.05;  ; 1"
"30.19; 30.02; 10; 10; 8; 8; 1; 14; 0;  ; 1"
"29.84; 29.69; 10; 10; 10; 12; 3; 20; 0;  ; 0"
"30.09; 29.81; 10; 10; 10; 21; 9; 32; 0.02; Rain; 1"
"30.4; 30.27; 10; 10; 10; 15; 6; 23; 0.05; Rain; 0"
"30.41; 30.29; 10; 10; 10; 15; 5; 23; 0;  ; 0"
"30.06; 29.9; 10; 10; 10; 15; 7; 27; 0;  ; 1"
"29.87; 29.79; 10; 10; 9; 14; 9; 25; 0;  ; 1"
"29.81; 29.75; 10; 10; 9; 14; 6; 26; T; Rain; 1"
"30.09; 29.9; 10; 8; 4; 18; 11; 29; 0.02; Rain; 1"
"30.17; 29.98; 10; 6; 3; 13; 6; 17; 0;  ; 0"
"29.95; 29.87; 10; 6; 2; 10; 2; 18; 0.15; Rain; 1"
"30.37; 30.13; 10; 10; 10; 16; 10; 24; 0;  ; 1"
"30.48; 30.42; 10; 10; 10; 15; 8; 23; 0;  ; 1"
"30.32; 30.24; 10; 7; 2; 8; 3; 12; 0;  ; 1"
"30.17; 30.03; 10; 7; 3; 14; 5; 21; 0;  ; 0"
"30.05; 29.93; 10; 5; 0; 13; 4; 20; 0; Fog; 0"
"30.15; 30.02; 10; 8; 4; 15; 9; 23; T; Rain; 0"
"30.24; 30.19; 9; 5; 1; 15; 9; 23; 0.1; Rain; 0"
"30.18; 30.08; 10; 9; 7; 14; 5; 22; 0;  ; 0"
"30.02; 29.93; 10; 10; 10; 10; 4; 19; 0;  ; 0"
"29.93; 29.85; 10; 10; 8; 18; 6; 30; 0;  ; 0"
"30.09; 30.01; 10; 10; 10; 15; 5; 23; 0;  ; 1"
"30.01; 29.94; 10; 5; 0; 13; 5; 23; 0; Fog; 0"
"30.03; 29.92; 10; 8; 2; 15; 5; 23; 0;  ; 0"
"30; 29.89; 10; 10; 9; 13; 4; 20; 0;  ; 1"
"29.85; 29.72; 10; 9; 2; 15; 7; 25; 0;  ; 1"
"29.85; 29.71; 10; 9; 7; 16; 8; 28; 0;  ; 1"
"30.11; 30.03; 10; 10; 10; 14; 5; 20; 0;  ; 0"
"29.96; 29.87; 10; 10; 10; 14; 6; 22; 0;  ; 0"
"29.95; 29.88; 10; 10; 7; 15; 4; 24; 0;  ; 0"
"30.04; 29.99; 10; 9; 5; 12; 4; 18; 0;  ; 1"
"30.01; 29.95; 10; 4; 1; 12; 5; 20; T; Rain; 0"
"30.18; 30.06; 10; 8; 2; 20; 8; 29; 0.11; Rain; 1"
"30.1; 29.94; 10; 10; 10; 12; 3; 17; 0;  ; 0"
"29.85; 29.75; 10; 10; 7; 13; 6; 21; 0;  ; 1"
"29.95; 29.87; 10; 7; 0; 16; 5; 27; 0; Fog; 0"
"30.05; 29.88; 10; 8; 2; 20; 10; 37; 0.08; Rain; 1"
"30.33; 30.25; 10; 9; 4; 18; 10; 29; 0.08; Rain , Thunderstorm; 1"
"30.18; 30.06; 10; 8; 2; 9; 4; 13; 0.17; Rain; 0"
"30.06; 29.99; 10; 7; 4; 13; 3; 16; 0;  ; 0"
"30.18; 30.08; 10; 8; 4; 13; 4; 20; 0;  ; 0"
"29.99; 29.88; 10; 9; 5; 16; 6; 22; 0;  ; 0"
"30.09; 29.9; 10; 3; 1; 14; 4; 21; 0.74; Rain , Thunderstorm; 1"
"30.29; 30.22; 10; 9; 2; 15; 5; 23; 0.11; Rain; 0"
"30.08; 29.94; 10; 9; 4; 12; 3; 17; 0.01; Rain; 0"
"29.77; 29.58; 10; 9; 4; 14; 5; 22; 0;  ; 0"
"30.13; 29.73; 10; 10; 10; 24; 11; 37; 0;  ; 0"
"30.26; 30.12; 10; 10; 10; 9; 4; 18; 0;  ; 1"
"30.04; 29.95; 10; 10; 10; 13; 5; 24; 0;  ; 1"
"29.86; 29.68; 10; 5; 0; 12; 4; 17; 0.07; Fog , Rain; 0"
"29.9; 29.7; 10; 10; 10; 24; 11; 36; 0;  ; 0"
"29.94; 29.78; 10; 10; 10; 16; 6; 26; 0;  ; 1"
"29.74; 29.67; 10; 10; 10; 18; 8; 26; 0;  ; 1"
"30.07; 29.88; 10; 9; 6; 15; 6; 26; 0;  ; 0"
"30.15; 30.04; 10; 10; 10; 10; 2; 15; 0;  ; 1"
"29.95; 29.83; 10; 8; 0; 17; 7; 27; 0; Fog; 1"
"29.95; 29.88; 10; 7; 1; 12; 4; 17; 0;  ; 1"
"30.19; 30.05; 10; 10; 9; 17; 9; 30; 0;  ; 0"
"30.14; 30.03; 10; 10; 10; 10; 3; 15; 0;  ; 0"
"30.24; 30.14; 10; 10; 7; 15; 5; 22; 0;  ; 0"
"30.08; 29.95; 10; 10; 6; 22; 10; 33; T; Rain; 0"
"29.83; 29.73; 10; 7; 1; 16; 8; 26; 0.01; Rain; 0"
"29.79; 29.7; 10; 8; 2; 18; 5; 27; 0; Thunderstorm; 1"
"30.18; 30.04; 10; 10; 10; 13; 5; 21; 0;  ; 1"
"30.13; 30.01; 10; 10; 10; 20; 8; 30; 0;  ; 1"
"29.93; 29.83; 10; 10; 10; 16; 9; 27; 0;  ; 0"
"29.92; 29.82; 10; 8; 4; 17; 8; 28; 0;  ; 1"
"29.8; 29.69; 10; 9; 4; 16; 9; 30; T; Rain; 0"
"29.74; 29.66; 10; 8; 5; 14; 7; 25; T;  ; 0"
"30.03; 29.82; 10; 10; 5; 17; 8; 28; T; Rain; 0"
"29.99; 29.88; 10; 10; 10; 10; 4; 17; T;  ; 1"
"29.81; 29.75; 10; 7; 2; 12; 5; 19; 0.2; Rain , Thunderstorm; 0"
"29.92; 29.83; 10; 9; 2; 25; 3; 57; 0.27; Rain , Thunderstorm; 1"
"30.14; 30.05; 10; 10; 10; 22; 8; 37; 0;  ; 1"
"30.17; 30.06; 10; 10; 10; 13; 6; 22; 0;  ; 0"
"30.01; 29.91; 10; 10; 10; 17; 10; 31; 0;  ; 0"
"29.98; 29.88; 10; 10; 7; 16; 8; 25; 0;  ; 0"
"29.91; 29.8; 10; 10; 9; 20; 10; 30; 0;  ; 0"
"29.76; 29.62; 10; 9; 8; 18; 7; 29; T;  ; 0"
"29.96; 29.67; 10; 8; 0; 22; 10; 38; 1.34; Fog , Rain , Thunderstorm; 1"
"30.27; 30.15; 10; 10; 10; 12; 4; 17; 0;  ; 0"
"30.06; 29.95; 10; 10; 10; 16; 7; 26; 0;  ; 1"
"30.09; 29.99; 10; 7; 1; 10; 4; 15; 0.06; Rain; 1"
"30.17; 30.09; 10; 6; 2; 9; 2; 16; 0.01; Rain; 0"
"30.12; 30.05; 10; 9; 4; 13; 5; 19; 0;  ; 1"
"30.1; 30.02; 10; 8; 2; 12; 6; 19; 0;  ; 0"
"30.01; 29.9; 10; 9; 2; 14; 5; 25; 0.01; Rain , Thunderstorm; 0"
"29.96; 29.9; 10; 10; 10; 12; 3; 20; 0;  ; 1"
"29.85; 29.75; 10; 10; 10; 17; 7; 29; 0;  ; 0"
"29.82; 29.76; 10; 10; 9; 16; 5; 26; 0;  ; 0"
"29.92; 29.84; 10; 10; 10; 12; 6; 20; 0;  ; 1"
"29.78; 29.64; 10; 6; 2; 16; 8; 28; T; Rain; 0"
"29.55; 29.44; 10; 6; 3; 14; 6; 24; 0;  ; 1"
"29.61; 29.55; 10; 10; 7; 14; 4; 22; 0;  ; 0"
"29.77; 29.6; 10; 10; 10; 17; 7; 28; 0;  ; 1"
"30.08; 29.98; 10; 10; 10; 16; 6; 28; 0;  ; 1"
"30.12; 30.01; 10; 10; 10; 10; 3; 18; 0;  ; 0"
"30.02; 29.94; 10; 10; 10; 9; 3; 17; 0;  ; 0"
"30; 29.95; 10; 10; 10; 13; 4; 20; 0;  ; 0"
"30.02; 29.94; 10; 10; 10; 14; 7; 23; 0;  ; 0"
"29.91; 29.79; 10; 10; 10; 16; 8; 27; 0;  ; 0"
"29.81; 29.72; 10; 10; 10; 17; 9; 29; 0;  ; 0"
"29.81; 29.75; 10; 10; 10; 18; 9; 31; 0;  ; 0"
"29.81; 29.74; 10; 6; 2; 17; 8; 30; 0.06; Rain; 0"
"29.89; 29.77; 10; 5; 1; 20; 5; 39; T; Rain , Thunderstorm; 1"
"29.84; 29.75; 10; 10; 5; 16; 6; 23; 0;  ; 1"
"29.77; 29.66; 10; 9; 4; 18; 10; 30; 0;  ; 0"
"29.84; 29.74; 10; 5; 0; 18; 7; 26; 2.45; Fog , Rain , Thunderstorm; 1"
"30.09; 29.92; 10; 8; 2; 16; 8; 31; 0.94; Rain , Thunderstorm; 0"
"30.24; 30.17; 10; 10; 5; 17; 7; 28; 0.14; Rain; 1"
"30.22; 30.11; 10; 10; 10; 10; 3; 17; 0;  ; 1"
"30.06; 29.96; 10; 10; 10; 15; 7; 27; 0;  ; 1"
"29.97; 29.9; 10; 10; 10; 17; 9; 26; 0;  ; 1"
"30.03; 29.96; 10; 10; 8; 16; 8; 24; 0;  ; 1"
"30; 29.94; 10; 10; 10; 18; 10; 27; 0;  ; 1"
"30.01; 29.96; 10; 10; 10; 14; 9; 26; 0;  ; 0"
"30.02; 29.96; 10; 10; 10; 16; 8; 27; 0;  ; 1"
"30.05; 29.96; 10; 10; 7; 15; 7; 25; T;  ; 0"
"30.03; 29.96; 10; 8; 0; 14; 6; 20; 0.19; Fog , Rain; 1"
"29.99; 29.89; 10; 9; 7; 15; 7; 23; T;  ; 1"
"29.98; 29.89; 10; 10; 10; 15; 6; 24; T; Thunderstorm; 1"
"30; 29.94; 10; 8; 1; 17; 5; 29; 1.56; Rain , Thunderstorm; 0"
"29.95; 29.86; 10; 6; 0; 22; 3; 31; 1.75; Fog , Rain , Thunderstorm; 0"
"29.88; 29.83; 10; 7; 2; 14; 4; 22; 0;  ; 1"
"29.85; 29.79; 10; 10; 10; 9; 2; 15; 0;  ; 0"
"29.82; 29.78; 10; 10; 10; 9; 3; 17; 0;  ; 0"
"29.85; 29.82; 10; 10; 10; 10; 3; 20; 0;  ; 0"
"29.9; 29.83; 10; 8; 2; 14; 4; 20; 0;  ; 0"
"29.91; 29.86; 10; 10; 8; 13; 7; 22; 0;  ; 0"
"29.96; 29.88; 10; 10; 10; 10; 6; 17; T;  ; 1"
"29.86; 29.79; 10; 10; 10; 12; 7; 21; 0;  ; 0"
"29.82; 29.78; 10; 10; 10; 14; 7; 22; 0;  ; 1"
"29.88; 29.83; 10; 10; 9; 14; 7; 25; 0;  ; 1"
"29.89; 29.81; 10; 10; 10; 14; 7; 26; 0;  ; 1"
"29.88; 29.76; 10; 10; 5; 16; 7; 27; T; Rain; 1"
"29.81; 29.75; 10; 8; 1; 14; 4; 22; 0.55; Rain , Thunderstorm; 1"
"29.85; 29.81; 10; 10; 9; 13; 3; 20; 0;  ; 0"
"29.83; 29.74; 10; 10; 10; 14; 5; 21; 0;  ; 0"
"29.82; 29.71; 10; 9; 1; 24; 8; 47; 1.49; Rain , Thunderstorm; 1"
"29.95; 29.87; -; -; -; 15; 4; 22; 0;  ; 1"
"29.93; 29.84; -; -; -; 15; 6; 22; 0;  ; 0"
"29.9; 29.87; -; -; -; 14; 9; 23; 0;  ; 0"
"29.99; 29.93; -; -; -; 12; 8; 24; T;  ; 1"
"29.99; 29.92; 10; 10; 10; 12; 9; 22; 0;  ; 1"
"29.96; 29.88; 10; 9; 4; 16; 9; 26; 0.02; Rain; 1"
"30; 29.94; 10; 10; 10; 13; 6; 22; 0.01;  ; 0"
"30.04; 29.96; 10; 10; 9; 13; 5; 19; 0;  ; 0"
"29.99; 29.87; 10; 10; 8; 15; 6; 21; T;  ; 0"
"29.9; 29.82; 10; 9; 8; 13; 8; 22; T;  ; 0"
"29.93; 29.83; 10; 8; 1; 16; 4; 26; 0.27; Rain , Thunderstorm; 0"
"30; 29.94; 10; 9; 0; 22; 4; 35; 0.24; Fog , Rain , Thunderstorm; 0"
"30.01; 29.92; 10; 8; 0; 16; 5; 24; 0.49; Fog , Rain , Thunderstorm; 1"
"29.95; 29.85; 10; 10; 6; 15; 7; 24; 0.01; Rain; 0"
"29.87; 29.79; 10; 10; 8; 17; 8; 32; T;  ; 0"
"29.88; 29.83; 10; 10; 8; 16; 9; 27; T;  ; 1"
"29.97; 29.91; 10; 9; 7; 17; 9; 27; 0;  ; 1"
"29.94; 29.86; 10; 9; 7; 17; 8; 27; 0;  ; 1"
"29.92; 29.87; 10; 10; 7; 15; 6; 22; 0;  ; 1"
"30; 29.96; 10; 10; 6; 14; 4; 18; 0;  ; 1"
"30.08; 30.01; 10; 10; 6; 20; 3; 29; 0.07; Rain , Thunderstorm; 0"
"30.15; 30.1; 10; 10; 9; 16; 4; 23; 0; Thunderstorm; 0"
"30.12; 30.05; 10; 10; 5; 18; 4; 30; 0;  ; 1"
"30.03; 29.91; 10; 8; 3; 13; 5; 20; 0;  ; 1"
"29.97; 29.91; 10; 10; 10; 13; 5; 19; 0;  ; 1"
"29.99; 29.95; 10; 10; 10; 13; 7; 21; 0;  ; 0"
"30; 29.93; 10; 10; 8; 14; 6; 23; 0;  ; 0"
"30.01; 29.94; 10; 10; 7; 14; 5; 24; 0;  ; 0"
"30.09; 30.03; 10; 10; 10; 13; 5; 22; 0;  ; 1"
"30.1; 30.01; 10; 9; 7; 13; 4; 20; 0;  ; 1"
"30.03; 29.96; 10; 10; 10; 13; 4; 17; 0;  ; 0"
"29.96; 29.87; 10; 10; 10; 10; 4; 16; 0;  ; 0"
"29.96; 29.91; 10; 10; 8; 15; 3; 23; 0.06; Rain , Thunderstorm; 0"
"29.95; 29.83; 10; 8; 1; 15; 4; 22; 0.31; Rain , Thunderstorm; 1"
"29.86; 29.76; 10; 7; 0; 13; 5; 19; 3.53; Fog , Rain , Thunderstorm; 1"
"29.93; 29.87; 10; 7; 1; 14; 3; 27; 1.52; Rain , Thunderstorm; 1"
"29.99; 29.93; 10; 9; 6; 8; 2; 11; 0;  ; 0"
"29.96; 29.88; 10; 9; 7; 12; 4; 18; 0;  ; 1"
"29.97; 29.9; 10; 9; 5; 10; 6; 20; 0;  ; 0"
"30.01; 29.95; 10; 10; 8; 8; 2; 14; 0;  ; 1"
"30; 29.94; 10; 9; 6; 7; 3; 14; 0;  ; 0"
"29.99; 29.9; 10; 8; 2; 8; 3; 12; 0.09; Rain; 1"
"29.96; 29.89; 10; 10; 10; 12; 5; 18; 0;  ; 1"
"29.95; 29.88; 10; 10; 8; 15; 6; 25; 0;  ; 0"
"30; 29.94; 10; 10; 9; 13; 6; 22; 0;  ; 1"
"30.05; 29.98; 10; 10; 8; 9; 3; 15; 0;  ; 1"
"30.03; 29.99; 10; 10; 10; 13; 4; 23; 0;  ; 1"
"29.97; 29.86; 10; 10; 10; 14; 6; 22; 0;  ; 0"
"29.94; 29.86; 10; 10; 10; 13; 4; 19; 0;  ; 0"
"29.98; 29.93; 10; 10; 10; 12; 5; 18; 0;  ; 1"
"30.02; 29.96; 10; 10; 10; 10; 3; 18; 0;  ; 1"
"30; 29.92; 10; 10; 9; 13; 4; 19; 0;  ; 1"
"29.98; 29.92; 10; 9; 7; 13; 3; 20; 0;  ; 0"
"29.99; 29.93; 10; 10; 8; 13; 3; 22; 0;  ; 1"
"29.96; 29.86; 10; 10; 9; 13; 5; 20; 0;  ; 1"
"29.9; 29.78; 10; 8; 5; 13; 6; 25; 0;  ; 1"
"29.89; 29.82; 10; 10; 10; 13; 6; 22; 0;  ; 0"
"29.94; 29.85; 10; 10; 10; 13; 5; 18; 0;  ; 1"
"29.96; 29.87; 10; 10; 10; 13; 4; 19; 0;  ; 1"
"30; 29.94; 10; 10; 2; 13; 3; 23; 0.05; Rain , Thunderstorm; 1"
"29.99; 29.92; 10; 10; 10; 12; 4; 17; 0;  ; 0"
"30.01; 29.95; 10; 10; 10; 12; 4; 20; 0;  ; 1"
"29.97; 29.89; 10; 10; 10; 9; 4; 16; 0;  ; 1"
"29.95; 29.82; 10; 10; 10; 13; 5; 19; 0;  ; 0"
"29.88; 29.81; 10; 10; 10; 14; 7; 24; 0;  ; 1"
"29.92; 29.84; 10; 10; 10; 16; 6; 24; 0;  ; 0"
"29.9; 29.78; 10; 10; 9; 15; 7; 24; 0;  ; 1"
"29.87; 29.78; 10; 10; 9; 16; 7; 25; 0; Thunderstorm; 0"
"29.92; 29.83; 10; 10; 8; 17; 8; 29; 0;  ; 1"
"29.98; 29.91; 10; 10; 10; 17; 9; 27; 0;  ; 1"
"29.99; 29.91; 10; 10; 10; 15; 8; 23; 0;  ; 0"
"29.94; 29.84; 10; 10; 9; 14; 6; 21; 0;  ; 1"
"29.9; 29.81; 10; 10; 10; 13; 5; 18; 0;  ; 0"
"29.9; 29.81; 10; 10; 10; 10; 5; 15; 0;  ; 0"
"29.93; 29.89; 10; 10; 8; 14; 4; 23; T; Rain , Thunderstorm; 1"
"29.96; 29.88; 10; 10; 10; 10; 4; 17; 0;  ; 1"
"29.89; 29.81; 10; 10; 10; 17; 5; 26; 0;  ; 0"
"29.87; 29.77; 10; 10; 2; 15; 5; 23; 0.07; Rain , Thunderstorm; 1"
"29.91; 29.83; 10; 10; 10; 13; 4; 24; 0;  ; 1"
"29.93; 29.85; 10; 10; 10; 15; 7; 26; 0;  ; 0"
"29.9; 29.8; 10; 10; 7; 15; 8; 25; 0;  ; 0"
"29.91; 29.84; 10; 10; 10; 17; 8; 32; 0.01;  ; 0"
"29.95; 29.88; 10; 10; 10; 17; 6; 26; 0;  ; 0"
"30; 29.94; 10; 8; 0; 28; 5; 37; 0.98; Fog , Rain , Thunderstorm; 0"
"30.02; 29.91; 10; 10; 10; 13; 4; 21; 0.02; Rain; 0"
"30.01; 29.9; 10; 10; 2; 13; 3; 20; 0.19; Rain , Thunderstorm; 1"
"30.04; 29.94; 10; 8; 2; 8; 3; 13; 0.22; Rain , Thunderstorm; 0"
"29.97; 29.89; 10; 10; 8; 12; 3; 15; 0;  ; 1"
"29.9; 29.81; 10; 10; 10; 13; 6; 20; 0;  ; 0"
"29.83; 29.75; 10; 10; 10; 14; 7; 25; 0;  ; 0"
"29.89; 29.81; 10; 10; 10; 10; 5; 19; 0;  ; 1"
"30; 29.91; 10; 9; 1; 15; 5; 24; 0.51; Rain , Thunderstorm; 0"
"30.19; 30.1; 10; 5; 1; 14; 5; 24; 0.68; Rain; 1"
"30.16; 30.1; 10; 8; 3; 7; 2; 10; 0;  ; 1"
"30.09; 30.02; 10; 9; 6; 8; 2; 13; 0;  ; 0"
"30.01; 29.9; 10; 10; 6; 18; 3; 28; 0.02; Rain , Thunderstorm; 0"
"29.93; 29.81; 10; 9; 2; 14; 3; 20; 0.35; Rain , Thunderstorm; 0"
"29.88; 29.79; 10; 7; 0; 25; 2; 33; 3.66; Fog , Rain , Thunderstorm; 0"
"29.89; 29.84; 10; 8; 2; 10; 3; 14; 0.13; Rain; 1"
"29.94; 29.88; 10; 9; 1; 9; 3; 15; 0.21; Rain; 0"
"30.01; 29.96; 10; 10; 10; 10; 3; 15; 0;  ; 1"
"30.07; 30.01; 10; 10; 10; 9; 4; 16; 0;  ; 1"
"30.09; 30.04; 10; 10; 10; 8; 3; 12; 0;  ; 0"
"30.1; 30.07; 10; 10; 10; 9; 2; 16; 0;  ; 0"
"30.1; 30.07; 10; 10; 8; 13; 3; 20; T;  ; 0"
"30.06; 29.99; 10; 10; 10; 10; 3; 15; 0;  ; 1"
"30; 29.95; 10; 10; 8; 9; 2; 14; T; Rain; 1"
"29.98; 29.92; 10; 8; 3; 12; 3; 15; 0;  ; 1"
"29.92; 29.87; 10; 10; 10; 8; 2; 12; 0;  ; 1"
"29.83; 29.75; 10; 10; 10; 9; 2; 14; 0;  ; 0"
"29.79; 29.72; 10; 10; 10; 10; 5; 18; 0;  ; 1"
"29.82; 29.75; 10; 9; 4; 14; 7; 27; 0.03; Rain , Thunderstorm; 1"
"30.06; 29.94; 10; 10; 10; 14; 7; 22; 0; Thunderstorm; 0"
"30.12; 29.98; 10; 10; 10; 9; 4; 14; 0;  ; 0"
"29.9; 29.79; 10; 10; 10; 14; 6; 23; 0;  ; 1"
"29.86; 29.82; 10; 10; 10; 13; 6; 20; 0;  ; 1"
"29.92; 29.86; 10; 9; 5; 13; 5; 21; 0;  ; 0"
"29.98; 29.9; 10; 10; 10; 15; 6; 23; 0;  ; 0"
"29.93; 29.83; 10; 10; 9; 14; 7; 22; T; Rain; 0"
"29.89; 29.81; 10; 10; 10; 14; 7; 24; 0;  ; 1"
"30.04; 29.88; 10; 7; 0; 14; 5; 20; 1.42; Fog , Rain; 1"
"29.88; 29.72; 10; 9; 7; 13; 2; 24; 0.01; Rain , Thunderstorm; 1"
"29.8; 29.65; 10; 10; 2; 20; 10; 36; 0.09; Rain , Thunderstorm; 1"
"30.09; 30.03; 10; 10; 10; 14; 5; 20; 0;  ; 1"
"30.06; 29.99; 10; 10; 10; 9; 2; 16; 0;  ; 0"
"29.94; 29.87; 10; 10; 10; 13; 4; 23; 0;  ; 1"
"29.9; 29.86; 10; 10; 10; 13; 3; 17; 0;  ; 0"
"30; 29.93; 10; 10; 5; 9; 2; 12; 0;  ; 0"
"30.06; 30; 10; 10; 6; 8; 2; 15; 0;  ; 0"
"30.02; 29.98; 10; 9; 4; 8; 2; 13; 0;  ; 1"
"30.03; 29.98; 10; 9; 6; 10; 3; 16; 0;  ; 1"
"30.06; 30.03; 10; 10; 10; 9; 2; 14; T; Rain; 0"
"30.09; 30.04; 10; 10; 10; 8; 2; 11; T; Rain; 0"
"30.12; 30.06; 10; 10; 10; 7; 2; 9; 0;  ; 0"
"30.11; 30.06; 10; 10; 10; 8; 2; 12; 0;  ; 0"
"29.98; 29.9; 10; 10; 8; 12; 4; 19; 0;  ; 1"
"29.89; 29.81; 10; 10; 10; 14; 6; 23; 0;  ; 0"
"29.99; 29.89; 10; 10; 10; 8; 2; 12; 0;  ; 0"
"30.1; 30.06; 10; 10; 10; 10; 3; 14; 0;  ; 1"
"30.1; 30.03; 10; 10; 9; 8; 2; 10; T; Rain; 0"
"30.22; 30.11; 10; 9; 2; 16; 7; 25; 0.3; Rain; 0"
"30.34; 30.28; 10; 10; 10; 9; 5; 14; 0;  ; 1"
"30.26; 30.18; 10; 10; 10; 15; 6; 25; 0;  ; 1"
"30.12; 30.07; 10; 10; 10; 14; 6; 23; T;  ; 1"
"30.09; 30.01; 10; 8; 2; 17; 5; 28; 0.56; Rain; 1"
"30.16; 30.08; 10; 6; 2; 13; 6; 20; 1.51; Rain; 0"
"30.28; 30.22; 10; 10; 5; 10; 4; 17; 0.04; Rain; 1"
"30.19; 30.06; 10; 10; 10; 7; 2; 11; 0;  ; 1"
"30.1; 30.04; 10; 10; 10; 15; 4; 25; 0;  ; 1"
"30.07; 29.92; 10; 10; 10; 8; 3; 13; 0;  ; 1"
"29.83; 29.74; 10; 10; 10; 17; 6; 31; 0;  ; 0"
"30.03; 29.78; 10; 10; 9; 17; 7; 32; 0;  ; 1"
"30.34; 30.25; 10; 10; 10; 16; 9; 27; 0;  ; 0"
"30.52; 30.46; 10; 10; 10; 17; 8; 28; 0;  ; 1"
"30.4; 30.3; 10; 10; 10; 8; 3; 11; 0;  ; 1"
"30.14; 30.03; 10; 5; 1; 10; 4; 15; 0.02; Rain; 1"
"30; 29.92; 10; 4; 0; 17; 6; 28; 0.01; Fog , Rain; 1"
"30.4; 30.25; 10; 10; 10; 16; 6; 26; 0;  ; 1"
"30.48; 30.42; 10; 10; 3; 10; 2; 15; 0;  ; 0"
"30.27; 30.17; 10; 10; 10; 13; 3; 22; 0;  ; 1"
"30.08; 30.02; 10; 8; 0; 12; 3; 16; 0.01; Fog , Rain; 1"
"30.05; 29.99; 10; 6; 0; 13; 5; 20; 0.33; Fog , Rain; 0"
"29.86; 29.7; 10; 6; 0; 20; 7; 28; 3.33; Fog , Rain , Thunderstorm; 0"
"29.64; 29.51; 10; 10; 10; 16; 5; 27; 0;  ; 0"
"30.06; 29.88; 10; 10; 10; 15; 5; 28; 0;  ; 1"
"30.26; 30.2; 10; 10; 10; 9; 3; 16; 0;  ; 0"
"30.22; 30.14; 10; 10; 10; 10; 3; 17; 0;  ; 0"
"30.45; 30.37; 10; 10; 10; 10; 4; 16; 0;  ; 1"
"30.24; 30.09; 10; 10; 10; 14; 4; 24; 0;  ; 1"
"30.02; 29.95; 10; 10; 10; 16; 7; 31; 0;  ; 1"
"30.03; 29.97; 10; 10; 10; 15; 7; 28; 0;  ; 0"
"30.31; 30.11; 10; 10; 8; 17; 6; 30; 0;  ; 1"
"30.33; 30.21; 10; 10; 10; 10; 4; 16; 0;  ; 0"
"30.18; 30.14; 10; 7; 2; 7; 1; 10; 0;  ; 1"
"30.11; 30.04; 10; 3; 1; 12; 3; 16; 0.06; Rain; 0"
"30.08; 30.03; 10; 8; 2; 12; 5; 20; 0.01; Rain; 0"
"30.32; 30.19; 10; 10; 9; 13; 6; 20; 0;  ; 0"
"30.33; 30.27; 10; 10; 9; 9; 4; 14; 0;  ; 1"
"30.32; 30.27; 10; 10; 8; 9; 3; 14; 0;  ; 1"
"30.31; 30.24; 10; 8; 2; 8; 1; 11; 0;  ; 0"
"30.2; 30.15; 10; 9; 6; 8; 1; 11; 0.02; Rain; 1"
"30.18; 30.14; 10; 7; 2; 9; 5; 16; 0.04; Rain; 0"
"30.23; 30.18; 10; 10; 9; 12; 5; 17; T; Rain; 0"
"30.15; 30.06; 10; 9; 5; 14; 5; 21; 0;  ; 0"
"29.94; 29.84; 10; 9; 5; 14; 6; 26; 0.07; Rain; 1"
"29.99; 29.89; 10; 10; 7; 12; 5; 19; 0;  ; 0"
"30.28; 30.19; 10; 10; 10; 14; 5; 20; 0;  ; 1"
"30.14; 30.05; 10; 8; 2; 15; 4; 22; 0.1; Rain , Thunderstorm; 0"
"30.1; 30.06; 10; 4; 1; 12; 3; 17; T;  ; 1"
"30.12; 30.06; 10; 7; 1; 13; 7; 19; 0.59; Rain , Thunderstorm; 1"
"30.21; 30.15; 10; 9; 5; 8; 3; 13; 0;  ; 0"
"30.02; 29.85; 10; 9; 5; 10; 5; 20; 0;  ; 0"
"29.7; 29.6; 10; 10; 8; 12; 5; 18; 0;  ; 1"
"29.81; 29.63; 10; 10; 10; 18; 8; 31; T; Rain; 0"
"30.11; 30.03; 10; 10; 10; 16; 6; 25; 0;  ; 0"
"30.05; 29.97; 10; 10; 10; 16; 6; 30; 0;  ; 1"
"29.93; 29.86; 10; 9; 3; 12; 5; 21; 0.01; Rain; 0"
"30.09; 29.92; 10; 8; 5; 16; 8; 24; 0.03; Rain; 0"
"30.25; 30.19; 10; 10; 7; 14; 4; 21; 0.13; Rain; 1"
"30.14; 30.06; 10; 10; 10; 10; 2; 15; 0;  ; 0"
"30.36; 30.21; 10; 6; 0; 13; 6; 21; 0; Fog; 0"
"30.48; 30.41; 10; 10; 9; 14; 8; 21; T;  ; 1"
"30.25; 30.15; 10; 3; 1; 9; 5; 13; 0.63; Rain , Thunderstorm; 1"
"30.08; 29.96; 10; 4; 2; 12; 5; 18; 0.2; Rain , Thunderstorm; 0"
"29.99; 29.92; 10; 8; 2; 14; 3; 24; 0.76; Rain , Thunderstorm; 0"
"30.48; 30.16; 10; 10; 10; 16; 7; 26; 0;  ; 0"
"30.6; 30.45; 10; 10; 10; 8; 4; 12; 0;  ; 1"
"30.38; 30.3; 10; 10; 10; 9; 2; 13; 0;  ; 0"
"30.58; 30.34; 10; 10; 10; 21; 9; 32; 0;  ; 0"
"30.54; 30.3; 10; 10; 10; 15; 5; 23; T; Rain; 1"
"30.48; 30.31; 10; 10; 4; 13; 6; 21; 0.02; Rain; 0"
"30.42; 30.31; 10; 4; 2; 8; 3; 13; 0.3; Rain , Thunderstorm; 1"
"30.21; 30.1; 10; 7; 2; 8; 3; 13; 0.17; Rain; 1"
"30.28; 30.15; 10; 5; 0; 14; 5; 20; 0; Fog; 0"
"30.43; 30.38; 10; 7; 4; 12; 7; 21; 0;  ; 0"
"30.33; 30.26; 8; 4; 2; 9; 5; 15; 0;  ; 1"
"30.33; 30.29; 10; 9; 6; 12; 4; 19; 0;  ; 1"
"30.29; 30.18; 10; 10; 10; 8; 3; 12; 0;  ; 0"
"30.13; 30.03; 10; 10; 6; 12; 3; 20; 0;  ; 1"
"30.28; 30.2; 10; 10; 10; 10; 3; 15; 0;  ; 0"
"30.04; 29.94; 10; 10; 10; 10; 3; 19; 0;  ; 0"
"29.94; 29.85; 10; 10; 7; 12; 3; 19; 0;  ; 0"
"30.07; 30.03; 10; 5; 1; 10; 6; 17; 0.16; Rain; 1"
"30.07; 29.98; 10; 4; 1; 20; 10; 32; 2.07; Rain; 0"
"30.26; 30.2; 10; 8; 3; 15; 6; 23; 0.4; Rain; 0"
"30.2; 30.09; 10; 10; 10; 13; 4; 21; 0;  ; 0"
"30.11; 30.02; 10; 10; 10; 13; 6; 20; 0;  ; 0"
"30.21; 30.15; 10; 10; 10; 10; 5; 17; 0;  ; 1"
"30.15; 30.1; 10; 10; 10; 14; 6; 24; 0;  ; 0"
"30.12; 30.06; 10; 10; 10; 14; 4; 22; 0;  ; 1"
"30.22; 30.12; 10; 10; 6; 16; 4; 25; T;  ; 1"
"30.37; 30.28; 10; 10; 10; 14; 6; 23; T; Rain; 0"
"30.04; 29.9; 10; 5; 1; 15; 4; 21; 0.31; Rain; 1"
"29.98; 29.88; 10; 8; 4; 17; 7; 28; 0.02; Rain; 1"
"30.35; 30.28; 10; 10; 10; 15; 6; 22; 0;  ; 1"
"30.27; 30.21; 10; 6; 2; 8; 2; 11; 0.26; Rain; 1"
"30.13; 30.03; 10; 5; 1; 8; 2; 13; 0.06; Rain; 1"
"30.38; 30.22; 10; 10; 5; 16; 7; 26; T;  ; 1"
"30.37; 30.25; 10; 10; 7; 10; 3; 16; 0;  ; 0"
"30.08; 29.98; 10; 8; 4; 13; 5; 21; 0;  ; 0"
"29.9; 29.81; 10; 10; 8; 14; 6; 26; 0;  ; 0"
"30.07; 30.01; 10; 10; 10; 9; 3; 13; 0;  ; 0"
"29.99; 29.92; 10; 10; 10; 10; 4; 18; 0;  ; 1"
"30.03; 29.95; 10; 7; 1; 16; 5; 26; 0;  ; 1"
"30.35; 30.23; 10; 10; 10; 16; 7; 27; 0;  ; 0"
"30.31; 30.22; 10; 10; 10; 10; 2; 15; 0;  ; 0"
"30.22; 30.13; 10; 10; 10; 9; 3; 14; 0;  ; 0"
"30.02; 29.88; 10; 10; 7; 10; 5; 19; T;  ; 1"
"30.03; 29.83; 10; 8; 2; 17; 9; 28; 0.01; Rain; 1"
"30.25; 30.17; 10; 10; 10; 13; 7; 22; 0;  ; 1"
"30.31; 30.25; 10; 10; 10; 13; 4; 18; 0;  ; 1"
"30.25; 30.08; 10; 10; 10; 14; 5; 28; 0;  ; 1"
"29.92; 29.77; 10; 10; 9; 16; 9; 31; 0;  ; 1"
"29.88; 29.8; 10; 10; 9; 14; 6; 25; 0;  ; 1"
"30.14; 29.95; 10; 8; 2; 20; 7; 30; 0.02; Rain; 1"
"30.45; 30.4; 10; 7; 2; 17; 9; 24; 0.01; Rain; 1"
"30.24; 30.02; 10; 8; 2; 9; 4; 15; 0;  ; 0"
"29.94; 29.82; 10; 8; 3; 13; 3; 21; 0.01; Rain; 1"
"30.19; 29.93; 10; 10; 5; 15; 7; 24; 0;  ; 0"
"30.38; 30.32; 10; 8; 2; 13; 7; 21; 0.01; Rain; 0"
"30.31; 30.26; 10; 5; 2; 10; 5; 17; 0.1; Rain; 1"
"30.29; 30.22; 8; 4; 2; 10; 6; 16; 0.09; Rain; 0"
"30.28; 30.18; 10; 5; 1; 10; 4; 15; 0.02; Rain; 1"
"29.98; 29.85; 5; 2; 0; 8; 1; 13; 0.01; Fog , Rain; 1"
"29.9; 29.8; 10; 4; 0; 21; 6; 36; 0.15; Fog , Rain , Thunderstorm; 1"
"30.45; 30.21; 10; 9; 2; 20; 10; 33; 0.13; Rain , Thunderstorm; 0"
"30.56; 30.49; 10; 10; 10; 8; 2; 13; 0;  ; 1"
"30.4; 30.27; 10; 10; 10; 10; 2; 13; T;  ; 0"
"30.17; 30.06; 10; 3; 1; 12; 3; 16; 0.45; Rain; 1"
"29.96; 29.88; 10; 5; 1; 8; 4; 13; 2.17; Rain; 1"
"30.04; 29.96; 10; 10; 10; 9; 4; 14; 0;  ; 0"
"30.2; 30.14; 10; 10; 10; 13; 6; 20; 0;  ; 0"
"30.1; 29.99; 10; 10; 9; 13; 5; 18; 0.02; Rain; 1"
"30; 29.94; 10; 8; 1; 12; 3; 18; 0;  ; 1"
"30.1; 30.02; 10; 10; 10; 15; 6; 23; 0;  ; 0"
"30.26; 30.2; 10; 10; 10; 12; 3; 16; 0;  ; 0"
"30.21; 30.14; 10; 9; 4; 10; 3; 17; 0;  ; 0"
"30.11; 30.02; 10; 8; 4; 9; 3; 16; 0.01; Rain; 1"
"29.99; 29.9; 10; 10; 8; 13; 4; 20; 0.13; Rain; 0"
"29.95; 29.88; 10; 8; 2; 12; 5; 17; 0;  ; 1"
"30.09; 29.98; 10; 6; 0; 15; 4; 22; 1.17; Fog , Rain; 1"
"30.08; 30.01; 10; 7; 2; 10; 4; 17; 0.43; Rain; 1"
"30.03; 29.96; 10; 10; 7; 9; 4; 15; 0;  ; 1"
"30.06; 29.99; 10; 10; 6; 9; 3; 14; 0;  ; 0"
"29.97; 29.88; 10; 10; 9; 14; 7; 22; 0;  ; 0"
"29.91; 29.84; 10; 10; 10; 16; 8; 27; 0;  ; 1"
"30.03; 29.86; 10; 9; 2; 20; 10; 29; 0.05; Rain; 1"
"30.15; 30.08; 10; 10; 10; 13; 4; 19; 0;  ; 0"
"30.08; 30; 10; 10; 10; 13; 5; 24; 0;  ; 0"
"30.06; 29.99; 10; 10; 10; 17; 8; 28; 0;  ; 0"
"30.11; 30.03; 10; 10; 9; 12; 5; 18; 0;  ; 0"
"30; 29.91; 10; 10; 7; 13; 7; 20; 0;  ; 1"
"29.92; 29.83; 10; 9; 4; 14; 7; 25; T; Rain; 0"
"29.9; 29.85; 10; 8; 6; 15; 8; 26; 0;  ; 0"
"29.98; 29.89; 10; 8; 4; 17; 7; 27; 0;  ; 0"
"30.24; 30.17; 10; 10; 10; 17; 8; 32; 0;  ; 1"
"30; 29.9; 10; 5; 1; 10; 4; 16; 0.02; Rain; 1"
"29.94; 29.86; 10; 8; 2; 14; 7; 24; 0;  ; 0"
"29.96; 29.87; 10; 10; 8; 16; 8; 26; 0;  ; 0"
"29.92; 29.83; 10; 9; 6; 16; 8; 29; T;  ; 0"
"29.86; 29.75; 10; 9; 7; 15; 7; 27; 0;  ; 1"
"30.08; 29.95; 10; 10; 10; 14; 5; 26; 0.09; Rain , Thunderstorm; 0"
"30.04; 29.96; 10; 5; 1; 7; 3; 12; T; Rain; 1"
"29.91; 29.78; 10; 5; 0; 13; 5; 19; 0.01; Fog; 1"
"29.86; 29.79; 10; 8; 2; 13; 4; 19; 0.09; Rain , Thunderstorm; 0"
"30.04; 29.96; 10; 10; 10; 12; 6; 20; 0;  ; 0"
"29.97; 29.88; 10; 10; 10; 14; 4; 20; 0;  ; 1"
"29.91; 29.82; 10; 9; 4; 17; 4; 27; 0.01; Rain , Thunderstorm; 1"
"29.92; 29.85; 10; 8; 2; 12; 4; 18; 0.41; Rain , Thunderstorm; 0"
"29.87; 29.75; 10; 8; 0; 28; 4; 43; 0.57; Fog , Rain , Thunderstorm; 1"
"29.8; 29.72; 10; 7; 0; 15; 6; 25; 0; Fog , Thunderstorm; 0"
"29.98; 29.89; 10; 10; 10; 15; 6; 25; 0;  ; 1"
"29.95; 29.88; 10; 10; 10; 13; 5; 22; 0;  ; 1"
"29.89; 29.81; 10; 10; 7; 16; 7; 23; T;  ; 0"
"29.87; 29.82; 10; 8; 1; 10; 4; 16; 0;  ; 1"
"29.82; 29.67; 10; 6; 1; 14; 5; 23; 0.43; Rain , Thunderstorm; 0"
"29.74; 29.65; 10; 7; 2; 12; 5; 20; 0.04; Thunderstorm; 1"
"29.65; 29.52; 10; 8; 1; 18; 8; 32; 0.08; Rain , Thunderstorm; 0"
"29.68; 29.54; 10; 9; 1; 17; 4; 37; 0.56; Rain , Thunderstorm; 0"
"29.98; 29.82; 10; 10; 10; 17; 8; 26; 0;  ; 1"
"30.05; 29.96; 10; 10; 10; 12; 5; 19; 0;  ; 0"
"29.99; 29.92; 10; 10; 8; 10; 3; 14; 0;  ; 0"
"30.02; 29.98; 10; 10; 10; 10; 2; 15; 0;  ; 1"
"30.02; 29.96; 10; 10; 10; 13; 4; 20; 0;  ; 0"
"29.98; 29.93; 10; 10; 10; 15; 6; 23; 0;  ; 0"
"30.02; 29.96; 10; 10; 4; 16; 8; 26; 0;  ; 0"
"29.95; 29.86; 10; 6; 0; 20; 7; 28; 3.84; Fog , Rain , Thunderstorm; 1"
"29.91; 29.81; 10; 8; 3; 14; 8; 23; 0.01; Rain; 0"
"29.87; 29.8; 10; 9; 2; 17; 9; 26; 0.02; Rain; 1"
"29.87; 29.78; 10; 5; 1; 13; 6; 19; 0.29; Rain , Thunderstorm; 0"
"29.82; 29.74; 10; 7; 2; 17; 9; 31; 0.02; Rain , Thunderstorm; 1"
"29.8; 29.74; 10; 9; 7; 17; 10; 29; 0;  ; 1"
"29.99; 29.84; 10; 7; 1; 12; 5; 20; 0.4; Rain , Thunderstorm; 1"
"30.14; 30.05; 10; 8; 1; 10; 5; 17; 0.23; Rain; 0"
"30.08; 30.01; 10; 5; 0; 14; 4; 26; 1.12; Fog , Rain , Thunderstorm; 0"
"30.03; 29.94; 10; 6; 1; 15; 5; 24; 0.08; Rain; 0"
"29.95; 29.86; 10; 8; 1; 13; 4; 20; 0.36; Rain , Thunderstorm; 0"
"29.85; 29.77; 10; 9; 6; 18; 9; 30; 0;  ; 0"
"29.94; 29.8; 10; 6; 1; 22; 5; 35; 2.6; Rain , Thunderstorm; 0"
"30.03; 29.95; 10; 9; 3; 12; 5; 20; 0; Rain; 0"
"29.99; 29.86; 10; 8; 5; 17; 8; 28; T; Rain; 0"
"29.94; 29.87; 10; 8; 1; 13; 5; 21; 0.33; Rain , Thunderstorm; 1"
"30.08; 29.94; 10; 10; 7; 15; 6; 24; 0.02; Rain , Thunderstorm; 1"
"30.08; 30.02; 10; 6; 1; 10; 4; 17; 0.03; Rain; 1"
"30.02; 29.9; 10; 6; 0; 18; 7; 32; 1.41; Fog , Rain , Thunderstorm; 0"
"29.89; 29.81; 10; 10; 5; 8; 6; 17; 0.76; Rain; 0"
"29.84; 29.75; 10; 7; 0; 16; 5; 29; 5.2; Fog , Rain , Thunderstorm; 1"
"29.95; 29.88; 10; 6; 2; 13; 6; 20; 0; Thunderstorm; 0"
"30.03; 29.95; 10; 9; 6; 12; 5; 18; T; Rain , Thunderstorm; 1"
"30.01; 29.87; 10; 8; 2; 15; 6; 25; 0.2; Rain , Thunderstorm; 1"
"29.95; 29.81; 10; 8; 1; 21; 5; 33; 0.67; Rain , Thunderstorm; 1"
"30; 29.94; 10; 10; 8; 12; 2; 16; T; Rain , Thunderstorm; 0"
"30.06; 30; 10; 10; 10; 9; 2; 16; 0;  ; 0"
"30.03; 29.99; 10; 10; 9; 8; 2; 12; 0;  ; 0"
"29.96; 29.89; 10; 10; 10; 9; 2; 16; 0;  ; 0"
"29.91; 29.85; 10; 10; 10; 13; 5; 20; 0;  ; 0"
"29.95; 29.9; 10; 10; 10; 12; 4; 16; 0;  ; 1"
"30; 29.95; 10; 10; 10; 12; 4; 17; T;  ; 1"
"29.97; 29.91; 10; 10; 10; 9; 3; 14; 0;  ; 1"
"29.94; 29.89; 10; 10; 10; 12; 4; 17; 0;  ; 1"
"29.95; 29.89; 10; 10; 10; 9; 3; 13; 0;  ; 0"
"29.89; 29.81; 10; 10; 10; 8; 3; 13; 0;  ; 1"
"29.83; 29.76; 10; 10; 10; 10; 4; 16; 0;  ; 0"
"29.8; 29.73; 10; 10; 10; 15; 7; 25; 0;  ; 1"
"29.82; 29.76; 10; 10; 10; 13; 6; 20; 0.01;  ; 0"
"29.84; 29.78; 10; 10; 10; 18; 7; 29; T;  ; 0"
"29.89; 29.84; 10; 8; 0; 13; 6; 22; 1.34; Fog , Rain , Thunderstorm; 1"
"29.93; 29.84; 10; 9; 2; 16; 4; 24; 0.19; Rain , Thunderstorm; 0"
"29.9; 29.78; 10; 8; 0; 15; 7; 25; 1.34; Fog , Rain , Thunderstorm; 0"
"29.85; 29.73; 10; 7; 0; 23; 5; 15; 2.66; Fog , Rain , Thunderstorm; 1"
"29.95; 29.89; 10; 10; 7; 12; 4; 21; 0; Thunderstorm; 1"
"30.02; 29.96; 10; 8; 0; 13; 1; 22; 1.09; Fog , Rain , Thunderstorm; 1"
"30.02; 29.96; 10; 8; 0; 17; 3; 26; 0.49; Fog , Rain , Thunderstorm; 1"
"30.03; 29.98; 10; 7; 0; 17; 4; 29; 0.93; Fog , Rain , Thunderstorm; 0"
"30.06; 30.02; 10; 9; 6; 10; 5; 17; 0;  ; 1"
"30.1; 30.04; 10; 10; 10; 13; 5; 20; 0; Thunderstorm; 0"
"30.12; 30.04; 10; 10; 10; 12; 3; 16; 0;  ; 0"
"30.06; 29.96; 10; 10; 10; 12; 4; 17; 0;  ; 1"
"29.98; 29.89; 10; 10; 10; 10; 6; 18; 0;  ; 0"
"29.99; 29.95; 10; 10; 6; 14; 1; 22; 0.01; Rain , Thunderstorm; 0"
"30; 29.94; 10; 9; 2; 13; 2; 17; 0.08; Rain , Thunderstorm; 0"
"29.97; 29.9; 10; 9; 5; 10; 5; 18; 0;  ; 0"
"30.01; 29.94; 10; 7; 0; 14; 4; 26; 0.75; Fog , Rain , Thunderstorm; 1"
"30.01; 29.97; 10; 10; 10; 17; 4; 31; T; Rain; 1"
"29.98; 29.91; 10; 10; 6; 16; 6; 29; T;  ; 0"
"29.96; 29.89; 10; 9; 7; 12; 6; 19; T;  ; 0"
"29.98; 29.9; 10; 10; 9; 14; 7; 22; 0;  ; 0"
"30; 29.91; 10; 10; 8; 14; 7; 26; 0;  ; 1"
"29.99; 29.89; 10; 9; 7; 16; 8; 28; 0;  ; 0"
"29.95; 29.9; 10; 10; 8; 16; 8; 28; T;  ; 0"
"29.98; 29.93; 10; 9; 6; 18; 8; 29; 0;  ; 0"
"30.03; 29.97; 10; 9; 6; 16; 8; 24; 0;  ; 0"
"30.06; 29.99; 10; 9; 6; 13; 6; 21; 0;  ; 0"
"30.1; 30.05; 10; 10; 8; 14; 5; 19; 0;  ; 1"
"30.05; 29.97; 10; 10; 10; 12; 5; 19; 0;  ; 1"
"29.93; 29.83; 10; 10; 9; 13; 5; 19; 0;  ; 0"
"29.87; 29.81; 10; 10; 10; 10; 6; 18; 0;  ; 0"
"29.91; 29.84; 10; 10; 10; 13; 6; 19; 0;  ; 0"
"29.95; 29.87; 10; 10; 4; 12; 6; 19; 0;  ; 0"
"29.94; 29.84; 10; 10; 10; 13; 7; 21; 0;  ; 0"
"29.96; 29.91; 10; 10; 10; 14; 7; 23; 0;  ; 0"
"29.97; 29.9; 10; 10; 10; 13; 6; 22; 0;  ; 1"
"29.93; 29.83; 10; 10; 8; 12; 5; 19; 0;  ; 0"
"29.88; 29.79; 10; 10; 8; 13; 6; 19; 0;  ; 1"
"29.89; 29.81; 10; 10; 10; 13; 7; 23; 0;  ; 1"
"29.95; 29.88; 10; 10; 10; 14; 7; 24; 0;  ; 0"
"29.98; 29.89; 10; 10; 10; 13; 6; 20; 0;  ; 1"
"29.95; 29.84; 10; 10; 10; 12; 5; 19; 0;  ; 0"
"29.89; 29.82; 10; 9; 6; 12; 6; 17; 0;  ; 0"
"29.9; 29.81; 10; 9; 5; 13; 6; 20; 0;  ; 1"
"29.93; 29.86; 10; 9; 6; 14; 8; 25; 0;  ; 0"
"29.99; 29.93; 10; 10; 10; 12; 6; 18; 0;  ; 1"
"30.01; 29.94; 10; 10; 10; 10; 2; 16; 0;  ; 0"
"29.97; 29.88; 10; 10; 10; 13; 4; 21; 0;  ; 1"
"29.94; 29.88; 10; 10; 10; 10; 3; 17; 0;  ; 1"
"29.88; 29.81; 10; 10; 10; 10; 3; 16; 0;  ; 1"
"29.86; 29.82; 10; 10; 10; 13; 4; 17; 0;  ; 0"
"29.9; 29.85; 10; 10; 10; 12; 6; 22; 0;  ; 1"
"29.93; 29.85; 10; 10; 10; 13; 7; 21; 0;  ; 0"
"29.89; 29.8; 10; 10; 10; 13; 7; 22; 0;  ; 0"
"29.87; 29.79; 10; 10; 10; 13; 6; 22; 0;  ; 0"
"29.86; 29.85; 10; 10; 10; 20; 10; 24; 0;  ; 1"
"-; -; -; -; -; -; -; -; 0;  ; 1"
"-; -; -; -; -; 14; 6; 20; 0;  ; 0"
"-; -; -; -; -; -; -; -; 0;  ; 1"
"29.95; 29.91; 10; 10; 10; 13; 3; 20; 0;  ; 0"
"29.94; 29.88; 10; 10; 10; 10; 3; 19; 0;  ; 1"
"29.95; 29.89; 10; 10; 10; 10; 4; 17; 0;  ; 1"
"29.96; 29.88; 10; 10; 10; 10; 3; 16; 0; Thunderstorm; 1"
"29.93; 29.86; 10; 10; 8; 13; 4; 19; 0;  ; 1"
"29.91; 29.82; 10; 10; 9; 12; 4; 17; 0;  ; 0"
"29.84; 29.7; 10; 10; 10; 14; 7; 23; 0;  ; 0"
"29.8; 29.72; 10; 10; 10; 13; 6; 20; 0;  ; 1"
"29.94; 29.86; 10; 8; 1; 13; 4; 22; 0.35; Rain , Thunderstorm; 1"
"29.96; 29.86; 10; 9; 4; 14; 5; 23; T; Rain; 1"
"29.92; 29.82; 10; 10; 10; 13; 6; 22; 0;  ; 0"
"29.97; 29.91; 10; 10; 10; 12; 5; 18; 0;  ; 0"
"30; 29.94; 10; 10; 10; 9; 2; 15; 0;  ; 1"
"30.01; 29.97; 10; 10; 10; 12; 3; 23; 0;  ; 0"
"30.05; 29.99; 10; 10; 10; 8; 3; 13; 0;  ; 0"
"30.01; 29.94; 10; 10; 10; 12; 4; 18; 0;  ; 0"
"29.95; 29.89; 10; 10; 10; 12; 4; 18; 0;  ; 1"
"29.98; 29.93; 10; 10; 10; 9; 3; 15; 0;  ; 1"
"29.97; 29.91; 10; 10; 10; 10; 3; 17; 0;  ; 0"
"29.97; 29.9; 10; 10; 10; 16; 5; 24; 0;  ; 1"
"30; 29.92; 10; 10; 10; 14; 5; 21; 0;  ; 0"
"30.01; 29.89; 10; 10; 10; 12; 4; 19; 0;  ; 0"
"29.92; 29.81; 10; 10; 10; 13; 3; 19; 0;  ; 0"
"29.91; 29.83; 10; 10; 10; 14; 6; 23; 0;  ; 0"
"29.95; 29.88; 10; 10; 10; 16; 7; 24; 0.01;  ; 1"
"29.95; 29.85; 10; 10; 8; 12; 6; 19; 0;  ; 0"
"29.91; 29.83; 10; 10; 10; 13; 6; 20; 0;  ; 0"
"29.89; 29.77; 10; 10; 10; 10; 5; 16; 0;  ; 0"
"29.91; 29.81; 10; 8; 1; 10; 3; 17; 1.05; Rain , Thunderstorm; 1"
"29.91; 29.81; 10; 7; 0; 16; 2; 25; 0.79; Fog , Rain , Thunderstorm; 0"
"29.92; 29.85; 10; 8; 4; 12; 3; 20; T;  ; 0"
"30.02; 29.96; 10; 10; 10; 13; 5; 20; 0;  ; 1"
"30.02; 29.95; 10; 10; 10; 13; 4; 20; 0;  ; 1"
"30.01; 29.95; 10; 10; 10; 12; 5; 17; 0;  ; 0"
"30.02; 29.96; 10; 10; 7; 16; 5; 26; T;  ; 1"
"30.05; 29.98; 10; 9; 2; 13; 6; 19; 0.04; Rain; 1"
"29.99; 29.86; 10; 10; 10; 13; 6; 18; 0;  ; 0"
"29.88; 29.79; 10; 10; 10; 12; 6; 18; 0;  ; 1"
"29.92; 29.86; 10; 10; 10; 9; 3; 14; 0;  ; 1"
"29.96; 29.9; -; -; -; 9; 3; 15; 0;  ; 1"
"29.95; 29.9; -; -; -; 12; 4; 16; 0;  ; 1"
"29.98; 29.94; 10; 10; 10; 10; 4; 17; 0;  ; 0"
"29.99; 29.92; 10; 10; 9; 10; 2; 15; 0;  ; 0"
"29.99; 29.94; 10; 10; 10; 10; 2; 16; 0;  ; 1"
"30; 29.93; 10; 10; 10; 12; 2; 19; T; Rain , Thunderstorm; 1"
"29.93; 29.86; 10; 10; 10; 12; 3; 21; 0;  ; 0"
"29.87; 29.8; 10; 10; 10; 13; 2; 22; 0;  ; 1"
"29.83; 29.76; 10; 10; 7; 12; 3; 17; 0;  ; 1"
"29.86; 29.82; 10; 10; 10; 10; 2; 17; 0;  ; 1"
"29.94; 29.9; 10; 10; 10; 10; 2; 16; 0;  ; 1"
"30; 29.93; 10; 9; 1; 12; 4; 17; 0;  ; 0"
"29.97; 29.88; 10; 10; 10; 12; 5; 18; 0;  ; 1"
"29.88; 29.8; 10; 10; 10; 8; 3; 14; 0;  ; 0"
"29.95; 29.88; 10; 10; 10; 8; 2; 14; 0;  ; 1"
"30.03; 29.96; 10; 10; 10; 9; 2; 13; 0;  ; 1"
"30.07; 30.01; 10; 10; 10; 8; 3; 12; 0;  ; 0"
"30.02; 29.96; 10; 10; 10; 12; 3; 15; 0;  ; 0"
"30; 29.94; 10; 10; 10; 10; 3; 20; 0;  ; 0"
"30.07; 30.02; 10; 10; 9; 8; 2; 11; 0;  ; 1"
"30.11; 30.03; 10; 10; 10; 10; 3; 16; 0;  ; 0"
"29.92; 29.8; 10; 10; 10; 13; 4; 21; 0;  ; 1"
"29.78; 29.7; 10; 9; 5; 13; 6; 23; 0;  ; 1"
"29.96; 29.86; 10; 10; 10; 12; 5; 20; 0;  ; 1"
"30.03; 29.98; 10; 10; 5; 9; 3; 15; 0;  ; 1"
"30.06; 29.99; 10; 10; 7; 12; 4; 21; 0;  ; 0"
"30.15; 30.09; 10; 10; 10; 12; 2; 16; 0;  ; 1"
"30.22; 30.17; 10; 10; 10; 9; 4; 16; 0;  ; 1"
"30.27; 30.22; 10; 10; 10; 9; 4; 14; 0;  ; 0"
"30.19; 30.09; 10; 10; 10; 12; 4; 18; 0;  ; 1"
"30.08; 29.99; 10; 10; 10; 13; 4; 20; 0;  ; 1"
"30.06; 29.98; 10; 10; 9; 16; 8; 24; T; Rain; 1"
"29.97; 29.87; 10; 7; 2; 16; 7; 25; 0.16; Rain; 0"
"29.89; 29.82; 10; 7; 1; 21; 6; 32; 0.43; Rain , Thunderstorm; 0"
"29.9; 29.8; 10; 4; 1; 17; 9; 26; 4.79; Rain; 1"
"30.02; 29.99; 10; 8; 3; 17; 9; 31; 0.65; Rain; 0"
"29.97; 29.88; 10; 10; 10; 15; 6; 23; 0;  ; 1"
"29.85; 29.74; 10; 10; 10; 8; 3; 14; 0;  ; 0"
"29.85; 29.77; 10; 10; 10; 18; 4; 31; 0;  ; 0"
"29.89; 29.83; 10; 10; 10; 12; 4; 18; 0;  ; 0"
"29.73; 29.62; 10; 4; 0; 29; 8; 42; 4.93; Fog , Rain , Thunderstorm; 0"
"29.75; 29.6; 10; 8; 1; 16; 4; 27; 0.89; Rain , Thunderstorm; 1"
"29.96; 29.91; 10; 10; 5; 8; 3; 12; 0.07; Rain; 0"
"29.98; 29.92; 10; 5; 0; 10; 3; 14; 0; Fog; 0"
"30.01; 29.95; 10; 7; 0; 10; 3; 14; 0; Fog; 1"
"30.02; 29.96; 10; 9; 5; 13; 5; 20; T; Rain; 0"
"29.97; 29.89; 10; 9; 2; 12; 6; 19; 0.05; Rain , Thunderstorm; 0"
"30.06; 29.99; 10; 10; 10; 14; 3; 20; 0.02; Rain; 0"
"30.17; 30.04; 10; 8; 0; 17; 8; 28; 0.53; Fog , Rain; 1"
"30.23; 30.14; 10; 10; 10; 13; 5; 20; 0;  ; 1"
"30.12; 30.05; 10; 10; 10; 6; 1; 9; 0;  ; 1"
"30.02; 29.93; 10; 10; 10; 12; 4; 20; 0;  ; 1"
"29.87; 29.79; 10; 10; 10; 13; 7; 25; 0;  ; 1"
"30.19; 30.02; 10; 10; 10; 16; 6; 27; 0;  ; 0"
"30.28; 30.24; 10; 10; 10; 7; 4; 14; 0;  ; 1"
"30.3; 30.28; 10; 10; 6; 8; 3; 11; 0.01; Rain; 0"
"30.18; 30.06; 10; 10; 10; 9; 4; 17; 0;  ; 0"
"29.85; 29.62; 10; 8; 2; 16; 7; 28; 0.01; Rain; 1"
"29.66; 29.54; 10; 8; 1; 18; 4; 30; 1.03; Rain; 0"
"29.86; 29.78; 10; 10; 10; 9; 2; 15; 0;  ; 0"
"30.08; 29.97; 10; 10; 10; 8; 1; 11; 0;  ; 0"
"30.03; 29.93; 10; 10; 10; 12; 4; 17; 0;  ; 0"
"30.12; 29.91; 10; 10; 7; 22; 7; 35; T;  ; 1"
"30.32; 30.24; 10; 10; 10; 8; 2; 13; 0;  ; 1"
"30.29; 30.22; 10; 10; 10; 9; 2; 14; 0;  ; 1"
"30.14; 30.07; 10; 10; 10; 9; 3; 16; 0;  ; 0"
"30.07; 30.02; 10; 10; 5; 14; 5; 22; T; Rain; 1"
"30.1; 30.04; 10; 8; 2; 14; 7; 20; 0.26; Rain; 1"
"30.14; 30.07; 10; 6; 0; 15; 7; 22; 1.46; Fog , Rain; 1"
"30.23; 30.19; 10; 9; 4; 13; 7; 19; 0.25; Rain; 1"
"30.18; 30.1; 10; 8; 2; 9; 4; 15; 0.04; Rain; 0"
"30.06; 30.03; 10; 10; 4; 7; 2; 11; 0;  ; 0"
"30.05; 29.98; 10; 10; 10; 7; 2; 12; 0;  ; 0"
"30.18; 30.07; 10; 10; 0; 9; 3; 14; 0; Fog; 0"
"30.38; 30.3; 10; 10; 10; 8; 1; 12; 0;  ; 1"
"30.45; 30.4; 10; 10; 10; 9; 2; 13; 0;  ; 0"
"30.43; 30.37; 10; 10; 10; 9; 2; 14; 0;  ; 1"
"30.4; 30.34; 10; 10; 9; 10; 2; 16; 0;  ; 0"
"30.27; 30.16; 10; 10; 4; 7; 1; 12; 0;  ; 0"
"30.03; 29.92; 10; 10; 8; 12; 3; 21; 0;  ; 0"
"29.98; 29.92; 10; 10; 8; 8; 2; 13; 0;  ; 0"
"29.86; 29.76; 10; 8; 2; 10; 4; 19; 0;  ; 1"
"29.83; 29.78; 10; 6; 0; 14; 6; 23; 0; Fog; 1"
"29.75; 29.63; 10; 9; 6; 17; 9; 29; 0.01; Rain; 1"
"29.7; 29.6; 10; 6; 1; 23; 4; 37; 1.54; Rain; 1"
"29.78; 29.73; 10; 10; 10; 10; 3; 18; 0;  ; 1"
"29.72; 29.66; 10; 10; 8; 9; 4; 16; 0;  ; 0"
"29.92; 29.81; 10; 10; 10; 15; 8; 26; 0;  ; 0"
"30.08; 29.99; 10; 10; 10; 14; 4; 25; 0;  ; 0"
"30.37; 30.28; 10; 10; 10; 13; 3; 24; 0;  ; 0"
"30.4; 30.34; 10; 10; 10; 13; 4; 20; 0;  ; 0"
"30.12; 29.99; 10; 10; 5; 13; 5; 25; T; Rain; 1"
"29.96; 29.88; 10; 9; 5; 8; 2; 15; 0;  ; 0"
"29.7; 29.53; 10; 10; 10; 13; 5; 20; 0;  ; 0"
"29.57; 29.48; 10; 9; 3; 15; 3; 24; 0;  ; 1"
"29.84; 29.73; 10; 9; 4; 10; 1; 16; 0;  ; 0"
"29.95; 29.84; 10; 9; 6; 9; 2; 17; 0;  ; 0"
"29.72; 29.62; 10; 9; 5; 21; 10; 31; 0.1; Rain; 0"
"29.68; 29.54; 10; 8; 1; 21; 10; 33; 1.32; Rain , Thunderstorm; 0"
"29.94; 29.76; 10; 10; 10; 21; 8; 35; T;  ; 1"
"30.09; 30.01; 10; 8; 3; 8; 3; 11; 0.03; Rain; 0"
"30.23; 30.16; 10; 7; 3; 9; 4; 14; T; Rain; 0"
"30.32; 30.25; 10; 10; 10; 13; 6; 20; 0;  ; 0"
"30.48; 30.38; -; -; -; 15; 8; 24; T; Rain; 0"
"30.42; 30.36; -; -; -; 8; 2; 13; 0.2; Rain; 1"
"30.3; 30.22; 10; 10; 10; 9; 3; 14; T; Rain; 0"
"30.33; 30.27; 10; 10; 10; 9; 4; 13; 0;  ; 1"
"30.28; 30.21; 10; 10; 10; 9; 3; 12; T; Rain; 1"
"30.05; 29.95; 10; 5; 1; 9; 3; 13; 0.13; Rain , Thunderstorm; 1"
"29.9; 29.81; 10; 5; 0; 9; 2; 13; 0; Fog; 1"
"29.79; 29.69; 10; 7; 2; 13; 3; 18; 0; Thunderstorm; 0"
"30.02; 29.83; 10; 10; 10; 18; 9; 30; 0;  ; 0"
"30.3; 30.23; 10; 10; 10; 12; 4; 16; 0;  ; 0"
"30.26; 30.19; 10; 10; 10; 7; 1; 9; 0;  ; 1"
"30.28; 30.23; 10; 10; 10; 10; 2; 16; 0;  ; 1"
"30.17; 30.08; 10; 10; 10; 10; 2; 17; 0;  ; 1"
"29.91; 29.74; 10; 10; 10; 12; 3; 19; 0;  ; 0"
"29.79; 29.71; 10; 10; 10; 10; 3; 17; 0;  ; 0"
"29.96; 29.78; 10; 10; 10; 20; 5; 29; T; Rain; 0"
"30.19; 30.1; 10; 10; 10; 12; 3; 18; 0;  ; 1"
"30.32; 30.25; 10; 10; 10; 8; 2; 12; 0;  ; 1"
"30.19; 30.08; 10; 7; 2; 14; 4; 26; 0;  ; 1"
"30.1; 29.99; 10; 10; 9; 12; 4; 17; 0;  ; 0"
"30; 29.88; 10; 6; 1; 22; 7; 36; 0.01; Rain; 1"
"30.31; 30.22; 10; 10; 10; 18; 8; 26; 0;  ; 0"
"30.28; 30.17; 10; 10; 10; 8; 3; 12; 0;  ; 0"
"30.03; 29.9; 10; 10; 10; 14; 5; 24; 0;  ; 0"
"29.94; 29.87; 10; 10; 10; 10; 4; 20; 0;  ; 1"
"30.2; 30.06; 10; 10; 10; 18; 10; 30; T; Rain; 1"
"30.32; 30.25; 10; 10; 10; 14; 5; 21; 0;  ; 0"
"30.17; 30.08; 10; 10; 10; 10; 2; 17; 0;  ; 0"
"30.02; 29.93; 10; 10; 10; 14; 4; 24; 0;  ; 1"
"29.87; 29.79; 10; 10; 10; 14; 6; 25; 0;  ; 0"
"29.81; 29.73; 10; 10; 10; 12; 5; 19; 0;  ; 1"
"29.74; 29.53; 10; 7; 0; 18; 8; 28; 0; Fog; 0"
"29.78; 29.68; 10; 10; 5; 16; 6; 23; 0;  ; 0"
"30.2; 29.97; 10; 10; 10; 15; 7; 23; 0;  ; 0"
"30.46; 30.41; 10; 10; 10; 8; 3; 12; 0;  ; 0"
"30.38; 30.29; 10; 10; 10; 15; 4; 22; 0;  ; 0"
"30.35; 30.3; 10; 10; 10; 15; 7; 29; 0; Rain , Thunderstorm; 1"
"30.23; 30.1; 10; 10; 6; 13; 3; 21; 0;  ; 0"
"30.34; 30.21; 10; 10; 10; 17; 8; 29; 0;  ; 0"
"30.32; 30.23; 10; 10; 10; 14; 6; 23; 0;  ; 1"
"30.3; 30.17; 10; 10; 10; 9; 3; 16; 0;  ; 1"
"30.12; 30.04; 10; 10; 10; 13; 5; 20; 0;  ; 1"
"30.21; 30.13; 10; 10; 10; 10; 3; 19; 0;  ; 0"
"30.25; 30.14; 10; 10; 10; 15; 6; 24; 0;  ; 0"
"29.97; 29.83; 10; 10; 9; 15; 6; 26; 0;  ; 0"
"29.89; 29.81; 10; 10; 10; 16; 5; 25; 0;  ; 1"
"29.99; 29.92; 10; 10; 10; 12; 4; 19; 0;  ; 0"
"30.2; 30.09; 10; 10; 10; 13; 6; 21; 0;  ; 1"
"30.16; 30.06; 10; 10; 7; 16; 9; 29; 0;  ; 0"
"30.1; 30.01; 10; 10; 10; 16; 8; 28; 0;  ; 1"
"30.03; 29.95; 10; 10; 7; 14; 6; 21; 0;  ; 0"
"30; 29.94; 10; 10; 8; 9; 3; 16; 0.01; Rain; 1"
"29.88; 29.65; 10; 10; 7; 12; 4; 18; 0;  ; 0"
"29.73; 29.59; 10; 8; 1; 23; 9; 37; 1.33; Rain , Thunderstorm; 0"
"30.18; 30.06; 10; 10; 10; 18; 7; 28; 0;  ; 0"
"30.31; 30.21; 10; 10; 10; 13; 5; 19; 0;  ; 0"
"30.4; 30.32; 10; 10; 10; 10; 3; 16; 0;  ; 1"
"30.24; 30.13; 10; 10; 10; 14; 5; 21; 0;  ; 0"
"30.04; 29.95; 10; 10; 10; 13; 7; 23; 0;  ; 1"
"30.04; 29.93; 10; 10; 10; 13; 6; 22; 0;  ; 0"
"30.02; 29.93; 10; 10; 10; 16; 8; 28; 0;  ; 0"
"30.06; 29.9; 10; 10; 8; 16; 6; 25; 0;  ; 1"
"29.97; 29.83; 10; 10; 9; 17; 7; 28; 0;  ; 0"
"30.12; 30.04; 10; 10; 10; 12; 4; 22; 0;  ; 1"
"30.13; 30.08; 10; 10; 10; 12; 6; 18; 0;  ; 1"
"30.08; 29.93; 10; 9; 5; 16; 9; 26; 0;  ; 0"
"29.83; 29.71; 10; 9; 2; 21; 11; 33; 0.01; Rain; 1"
"29.69; 29.6; 10; 8; 1; 17; 9; 30; 0.22; Rain , Thunderstorm; 0"
"29.75; 29.65; 10; 6; 1; 15; 8; 27; 2.18; Rain , Thunderstorm; 1"
"29.88; 29.78; 10; 8; 2; 16; 8; 26; 0.4; Rain; 0"
"29.93; 29.87; 10; 7; 2; 9; 3; 15; 0.36; Rain , Thunderstorm; 0"
"29.9; 29.81; 10; 10; 8; 9; 4; 16; T; Rain; 1"
"29.79; 29.72; 10; 8; 2; 15; 4; 25; 0;  ; 0"
"29.79; 29.71; 10; 10; 10; 14; 5; 26; 0;  ; 1"
"29.79; 29.72; 10; 7; 3; 12; 6; 20; 0;  ; 1"
"29.93; 29.88; 10; 9; 5; 13; 5; 17; 0;  ; 0"
"29.88; 29.78; 10; 6; 1; 7; 4; 12; 0.02; Rain; 1"
"29.82; 29.73; 10; 7; 2; 17; 5; 25; 0.07; Rain , Thunderstorm; 0"
"30.16; 30.02; 10; 10; 10; 18; 11; 29; 0;  ; 0"
"30.39; 30.3; 10; 10; 10; 15; 5; 23; 0;  ; 0"
"30.37; 30.24; 10; 10; 10; 12; 4; 20; 0;  ; 0"
"30.06; 29.92; 10; 10; 10; 17; 9; 31; 0;  ; 0"
"29.8; 29.68; 10; 10; 7; 15; 9; 27; 0.05;  ; 1"
"29.93; 29.78; 10; 8; 2; 17; 8; 28; 0.15; Rain , Thunderstorm; 1"
"29.95; 29.83; 10; 10; 10; 12; 4; 19; 0;  ; 1"
"29.9; 29.85; 10; 9; 5; 13; 4; 20; 0;  ; 0"
"30.03; 29.9; 10; 8; 2; 15; 5; 24; T; Rain; 1"
"30.09; 29.99; 10; 10; 10; 10; 4; 18; 0;  ; 0"
"29.91; 29.84; 10; 5; 2; 13; 6; 22; 0.02; Rain; 0"
"29.74; 29.6; 10; 5; 2; 14; 7; 24; 0.03; Rain; 1"
"29.67; 29.61; 10; 7; 2; 12; 5; 18; 0;  ; 1"
"29.97; 29.76; 10; 9; 2; 21; 8; 37; 0.34; Rain , Thunderstorm; 1"
"30.24; 30.18; 10; 10; 10; 13; 5; 20; 0;  ; 1"
"30.18; 30.08; 10; 10; 10; 12; 3; 17; 0;  ; 0"
"30.15; 30.1; 10; 10; 10; 12; 4; 18; 0;  ; 1"
"30.14; 30.03; 10; 10; 10; 15; 5; 25; 0;  ; 1"
"30.04; 29.93; 10; 10; 10; 15; 6; 23; 0;  ; 0"
"30.01; 29.93; 10; 10; 10; 9; 3; 19; 0;  ; 1"
"30.11; 30.02; 10; 10; 10; 12; 4; 19; 0;  ; 1"
"30.09; 29.99; 10; 10; 2; 16; 5; 26; 0.02; Rain , Thunderstorm; 1"
"29.96; 29.85; 10; 10; 10; 21; 8; 32; T;  ; 1"
"29.89; 29.83; 10; 10; 6; 15; 5; 26; T;  ; 0"
"30.03; 29.94; 10; 8; 1; 15; 7; 26; 1.19; Rain , Thunderstorm; 0"
"30.04; 29.95; 10; 8; 2; 10; 4; 20; 0.4; Rain; 0"
"30; 29.91; 10; 6; 0; 10; 4; 17; 0; Fog; 0"
"29.87; 29.78; 10; 8; 4; 14; 5; 22; 0;  ; 1"
"29.84; 29.78; 10; 7; 1; 16; 8; 28; 0.25; Rain; 1"
"29.93; 29.85; 10; 5; 0; 16; 6; 25; 1.34; Fog , Rain , Thunderstorm; 0"
"30.05; 29.96; 10; 6; 1; 13; 4; 23; 1.13; Rain , Thunderstorm; 1"
"30.06; 29.94; 10; 6; 1; 8; 2; 13; 0;  ; 0"
"29.98; 29.9; 10; 9; 2; 20; 4; 35; 0.58; Rain , Thunderstorm; 1"
"29.97; 29.88; 10; 8; 2; 17; 5; 25; 0.41; Rain , Thunderstorm; 0"
"30.06; 30.02; 10; 10; 10; 12; 4; 16; 0;  ; 0"
"30.02; 29.92; 10; 10; 10; 9; 3; 17; 0;  ; 0"
"29.86; 29.78; 10; 10; 10; 13; 6; 20; T;  ; 0"
"29.77; 29.66; 10; 10; 6; 15; 7; 25; 0; Thunderstorm; 0"
"29.67; 29.57; 10; 8; 4; 17; 9; 27; 0;  ; 0"
"29.69; 29.55; 10; 8; 1; 16; 5; 37; 0.54; Rain , Thunderstorm; 0"
"29.78; 29.72; 10; 8; 2; 15; 7; 25; T;  ; 0"
"29.65; 29.54; 10; 7; 3; 14; 7; 23; T; Rain; 0"
"29.7; 29.56; 10; 8; 0; 13; 4; 23; 0.92; Fog , Rain , Thunderstorm; 1"
"29.89; 29.8; 10; 10; 10; 13; 7; 22; T;  ; 1"
"30.07; 29.97; 10; 10; 10; 15; 7; 25; T; Rain , Thunderstorm; 1"
"30.08; 30; 10; 10; 10; 12; 4; 19; 0;  ; 0"
"30.04; 29.96; 10; 10; 10; 13; 5; 19; 0;  ; 0"
"30.02; 29.95; 10; 10; 10; 8; 4; 15; 0;  ; 0"
"30.03; 29.97; 10; 10; 10; 10; 3; 19; 0;  ; 0"
"29.96; 29.88; 10; 10; 10; 17; 6; 29; 0;  ; 1"
"29.85; 29.73; 10; 10; 3; 17; 8; 27; 0.11; Rain; 1"
"29.76; 29.69; 10; 10; 7; 16; 7; 30; 0;  ; 1"
"29.87; 29.77; 10; 6; 2; 17; 8; 29; 0.27; Rain , Thunderstorm; 0"
"29.98; 29.9; 10; 8; 2; 18; 6; 26; 0.33; Rain , Thunderstorm; 1"
"30.09; 30; 10; 9; 2; 17; 4; 29; 0.11; Rain , Thunderstorm; 0"
"30.09; 29.99; 10; 10; 10; 8; 4; 13; T;  ; 1"
"30.07; 30.01; 10; 6; 1; 9; 2; 16; 0.77; Rain , Thunderstorm; 1"
"30.05; 29.97; 10; 9; 4; 9; 4; 15; 0.23; Rain; 1"
"29.92; 29.82; 10; 6; 2; 12; 5; 17; 0.26; Rain; 0"
"29.92; 29.82; 10; 6; 1; 20; 5; 31; 0.2; Rain , Thunderstorm; 1"
"30.02; 29.9; 10; 10; 4; 15; 7; 23; 0.16; Rain , Thunderstorm; 1"
"29.97; 29.86; 10; 5; 1; 15; 5; 29; 2.25; Rain , Thunderstorm; 0"
"29.98; 29.91; 10; 9; 5; 8; 3; 13; 0;  ; 0"
"30; 29.92; 10; 10; 8; 9; 4; 16; 0;  ; 1"
"29.94; 29.82; 10; 10; 6; 14; 5; 22; T;  ; 1"
"29.88; 29.79; 10; 9; 2; 14; 7; 22; 0.01; Rain; 1"
"29.91; 29.85; 10; 10; 10; 13; 8; 22; 0;  ; 1"
"29.96; 29.9; 10; 8; 5; 13; 6; 22; 0;  ; 1"
"29.84; 29.73; 10; 8; 5; 16; 7; 28; 0.52; Rain , Thunderstorm; 1"
"29.76; 29.68; 10; 8; 2; 12; 6; 21; 0.35; Rain , Thunderstorm; 0"
"29.9; 29.81; 10; 6; 0; 13; 5; 19; 0.02; Fog , Rain , Thunderstorm; 1"
"30.03; 29.95; 10; 8; 3; 14; 6; 21; 0.18; Rain , Thunderstorm; 1"
"29.99; 29.86; 10; 8; 2; 13; 5; 19; 0.31; Rain , Thunderstorm; 1"
"29.87; 29.78; 10; 8; 1; 14; 3; 22; 1.07; Rain , Thunderstorm; 0"
"29.88; 29.8; 10; 6; 1; 10; 2; 16; 0.19; Rain; 0"
"29.88; 29.82; 10; 7; 1; 10; 4; 18; 0.36; Rain , Thunderstorm; 1"
"29.89; 29.8; 10; 6; 1; 10; 3; 16; 1.61; Rain , Thunderstorm; 0"
"29.89; 29.82; 10; 9; 2; 13; 5; 20; 0.1; Rain; 1"
"29.86; 29.82; 10; 10; 10; 14; 6; 22; 0;  ; 0"
"29.85; 29.8; 10; 10; 10; 13; 4; 20; 0;  ; 0"
"29.88; 29.83; 10; 10; 10; 8; 2; 14; 0;  ; 0"
"29.9; 29.84; 10; 10; 7; 12; 3; 18; 0;  ; 0"
"29.92; 29.87; 10; 10; 6; 20; 5; 34; 0;  ; 0"
"29.95; 29.89; 10; 10; 9; 10; 3; 14; 0;  ; 1"
"30; 29.92; 10; 9; 5; 12; 6; 19; 0;  ; 0"
"30; 29.92; 10; 10; 8; 14; 6; 22; 0;  ; 0"
"29.94; 29.81; 10; 10; 10; 12; 5; 18; 0;  ; 1"
"29.85; 29.79; 10; 10; 8; 12; 6; 21; 0;  ; 1"
"29.9; 29.85; 10; 8; 6; 13; 7; 23; 0;  ; 1"
"29.94; 29.87; 10; 9; 6; 14; 6; 22; 0;  ; 1"
"29.93; 29.86; 10; 10; 9; 10; 6; 19; 0;  ; 1"
"29.96; 29.91; 10; 9; 7; 10; 4; 16; 0;  ; 0"
"30.06; 30; 10; 10; 10; 12; 4; 17; 0;  ; 1"
"30.14; 30.08; 10; 10; 10; 9; 4; 17; 0;  ; 0"
"30.08; 29.98; 10; 10; 10; 9; 4; 16; 0;  ; 1"
"30; 29.92; 10; 10; 3; 13; 6; 22; 0;  ; 0"
"30.03; 29.95; 10; 10; 10; 14; 6; 22; 0;  ; 1"
"30.01; 29.94; 10; 10; 10; 13; 6; 20; 0;  ; 1"
"30.03; 29.99; 10; 10; 7; 10; 5; 16; 0.02; Rain , Thunderstorm; 1"
"30.07; 29.99; 10; 9; 5; 13; 5; 19; 0;  ; 0"
"30.06; 29.98; 10; 10; 10; 8; 2; 15; 0;  ; 1"
"30.02; 29.94; 10; 9; 1; 26; 3; 39; 0.33; Rain , Thunderstorm; 0"
"29.97; 29.9; 10; 10; 10; 9; 2; 13; 0;  ; 0"
"29.94; 29.9; 10; 10; 10; 10; 4; 17; 0;  ; 1"
"29.97; 29.92; 10; 10; 8; 10; 5; 17; 0;  ; 1"
"29.97; 29.88; 10; 10; 9; 14; 7; 23; 0;  ; 0"
"29.91; 29.81; 10; 10; 10; 15; 8; 25; 0;  ; 1"
"29.9; 29.85; 10; 10; 10; 14; 8; 24; 0;  ; 0"
"29.95; 29.88; 10; 9; 0; 16; 8; 26; 0;  ; 0"
"29.94; 29.86; 10; 10; 10; 16; 8; 28; 0;  ; 1"
"29.92; 29.86; 10; 10; 5; 16; 9; 26; 0;  ; 1"
"29.96; 29.89; 10; 10; 10; 14; 7; 23; 0;  ; 1"
"29.99; 29.89; 10; 10; 8; 13; 7; 23; 0;  ; 0"
"29.95; 29.82; 10; 9; 6; 14; 6; 25; 0.04; Rain , Thunderstorm; 1"
"29.88; 29.82; 10; 10; 9; 17; 9; 31; 0;  ; 1"
"29.91; 29.87; 10; 10; 10; 17; 9; 28; 0;  ; 0"
"29.96; 29.89; 10; 10; 10; 15; 8; 25; 0;  ; 1"
"29.96; 29.87; 10; 10; 10; 17; 8; 24; 0;  ; 0"
"29.97; 29.86; 10; 10; 9; 13; 7; 22; 0;  ; 0"
"29.98; 29.91; 10; 10; 9; 12; 5; 20; 0;  ; 1"
"30.02; 29.96; 10; 10; 10; 12; 7; 20; 0;  ; 1"
"30.09; 30.02; 10; 10; 10; 14; 5; 23; 0;  ; 0"
"30.11; 30.04; 10; 10; 10; 15; 5; 24; 0;  ; 0"
"30.12; 30.04; 10; 10; 10; 13; 5; 22; 0;  ; 1"
"30.07; 30; 10; 10; 10; 12; 4; 20; 0;  ; 1"
"30.01; 29.93; 10; 10; 10; 12; 4; 17; 0;  ; 0"
"29.93; 29.82; 10; 10; 10; 13; 6; 21; 0;  ; 1"
"29.91; 29.83; 10; 10; 10; 13; 5; 21; 0;  ; 0"
"29.91; 29.79; 10; 9; 2; 21; 3; 33; 0.76; Rain , Thunderstorm; 1"
"29.93; 29.87; 10; 7; 1; 9; 2; 17; 0.08; Rain , Thunderstorm; 0"
"29.97; 29.89; 10; 6; 0; 16; 3; 26; 1.06; Fog , Rain , Thunderstorm; 0"
"29.98; 29.92; 10; 10; 8; 22; 3; 30; 0; Thunderstorm; 1"
"29.97; 29.88; 10; 10; 10; 9; 4; 17; 0;  ; 1"
"29.98; 29.89; 10; 10; 10; 12; 5; 18; 0;  ; 1"
"29.97; 29.88; -; -; -; 13; 6; 21; 0;  ; 1"
"30; 29.93; 10; 10; 10; 13; 6; 22; 0;  ; 1"
"30.03; 29.94; 10; 10; 10; 12; 5; 19; 0;  ; 0"
"29.98; 29.89; 10; 10; 10; 10; 4; 18; 0;  ; 0"
"29.92; 29.84; 10; 10; 10; 12; 5; 20; 0;  ; 1"
"29.93; 29.86; 10; 10; 10; 12; 5; 18; 0;  ; 0"
"29.93; 29.86; 10; 10; 10; 12; 4; 18; 0;  ; 1"
"29.89; 29.8; 10; 10; 10; 12; 6; 19; 0;  ; 1"
"29.86; 29.77; 10; 10; 10; 10; 5; 20; 0;  ; 0"
"29.88; 29.8; 10; 10; 10; 13; 6; 20; 0;  ; 0"
"29.93; 29.85; 10; 10; 10; 12; 5; 20; 0;  ; 1"
"29.91; 29.81; 10; 10; 10; 12; 5; 21; 0;  ; 0"
"29.81; 29.68; 10; 10; 9; 15; 5; 24; 0;  ; 1"
"29.82; 29.76; 10; 10; 7; 13; 3; 19; 0.1; Rain , Thunderstorm; 0"
"29.91; 29.83; 10; 7; 1; 15; 3; 24; 0.92; Rain , Thunderstorm; 0"
"30; 29.94; 10; 5; 1; 7; 2; 12; 2.35; Rain; 1"
"30.02; 29.97; 10; 6; 0; 10; 3; 16; 1.79; Fog , Rain , Thunderstorm; 1"
"30.06; 30.01; 10; 8; 1; 12; 3; 16; 0.3; Rain , Thunderstorm; 0"
"30.04; 29.96; 10; 9; 1; 12; 2; 18; 0.17; Rain; 1"
"29.94; 29.83; 10; 9; 2; 10; 5; 19; 0.06; Rain; 1"
"29.89; 29.82; 10; 8; 1; 10; 4; 17; 0.74; Rain , Thunderstorm; 0"
"29.97; 29.9; 10; 9; 4; 8; 2; 14; 0.11; Rain; 1"
"30.05; 29.99; 10; 9; 2; 13; 4; 20; 0.04; Rain; 0"
"30.09; 30.02; 10; 10; 9; 13; 7; 21; 0;  ; 1"
"30.09; 29.99; 10; 10; 5; 13; 6; 21; 0;  ; 1"
"30.04; 29.95; 10; 10; 7; 13; 2; 17; 0.04;  ; 1"
"30; 29.91; 10; 10; 10; 13; 3; 20; 0;  ; 1"
"29.96; 29.88; 10; 10; 9; 12; 3; 19; 0;  ; 0"
"29.98; 29.9; 10; 9; 1; 12; 3; 22; 0.16; Rain; 1"
"29.98; 29.89; 10; 9; 3; 16; 5; 25; 0.06; Rain; 0"
"29.97; 29.9; 10; 10; 10; 12; 4; 16; 0;  ; 1"
"29.93; 29.86; 10; 10; 8; 9; 2; 14; 0.09; Rain; 0"
"29.92; 29.86; 10; 10; 8; 10; 4; 15; 0;  ; 0"
"29.97; 29.91; 10; 10; 8; 9; 3; 17; 0;  ; 0"
"29.95; 29.9; 10; 9; 5; 10; 3; 17; T;  ; 1"
"29.96; 29.89; 10; 9; 6; 13; 3; 19; 0.01; Rain , Thunderstorm; 0"
"30.01; 29.96; 10; 10; 9; 14; 5; 19; T; Rain , Thunderstorm; 1"
"30.07; 30.02; 10; 10; 5; 17; 6; 25; 0.01; Rain , Thunderstorm; 1"
"30.08; 29.98; 10; 10; 8; 13; 6; 20; 0;  ; 0"
"29.99; 29.89; 10; 10; 10; 12; 6; 20; 0;  ; 1"
"29.93; 29.86; 10; 10; 10; 13; 6; 20; 0;  ; 1"
"30.06; 29.94; 10; 9; 2; 18; 6; 31; 0.05; Rain; 0"
"30.08; 29.98; 10; 10; 10; 7; 2; 10; 0;  ; 1"
"29.94; 29.86; 10; 10; 10; 10; 3; 15; 0;  ; 0"
"29.96; 29.89; 10; 10; 6; 9; 3; 15; T; Rain; 0"
"30.02; 29.95; 10; 10; 9; 14; 3; 18; T; Rain; 1"
"29.97; 29.9; 10; 10; 3; 12; 3; 17; 0;  ; 0"
"29.92; 29.84; 10; 10; 10; 9; 2; 12; 0;  ; 1"
"29.94; 29.9; 10; 10; 10; 7; 1; -; 0;  ; 0"
"29.93; 29.89; 10; 10; 10; 8; 2; 12; 0;  ; 0"
"29.97; 29.93; 10; 10; 10; 10; 3; 16; 0;  ; 1"
"30.01; 29.94; 10; 10; 10; 10; 3; 17; 0;  ; 1"
"29.99; 29.94; 10; 10; 7; 10; 2; 13; 0;  ; 1"
"29.95; 29.88; 10; 10; 10; 14; 5; 18; 0;  ; 0"
"29.96; 29.88; 10; 9; 2; 14; 5; 20; 0.03; Rain; 1"
"29.95; 29.87; 10; 10; 4; 15; 5; 23; 0.01; Rain , Thunderstorm; 0"
"29.98; 29.92; 10; 9; 0; 13; 4; 21; 0.76; Fog , Rain , Thunderstorm; 1"
"30.08; 30.02; 10; 7; 1; 13; 6; 20; 1.22; Rain; 1"
"30.07; 30.01; 10; 10; 10; 9; 3; 13; 0;  ; 0"
"30.04; 30.01; 10; 10; 10; 8; 1; 11; 0;  ; 1"
"30.15; 30.08; 10; 10; 10; 12; 5; 21; 0;  ; 1"
"30.14; 30.06; 10; 10; 10; 8; 2; 12; 0;  ; 1"
"30.06; 30.01; 10; 10; 10; 7; 1; 13; T;  ; 1"
"30.02; 29.96; 10; 10; 10; 8; 2; 11; 0;  ; 1"
"29.91; 29.82; 10; 10; 9; 10; 3; 14; 0;  ; 1"
"29.8; 29.72; 10; 10; 8; 12; 5; 20; 0;  ; 1"
"29.87; 29.81; 10; 10; 10; 13; 5; 21; 0;  ; 1"
"29.91; 29.83; 10; 10; 10; 16; 5; 23; T;  ; 0"
"30.02; 29.91; 10; 10; 7; 16; 5; 26; T; Rain; 1"
"30.18; 30.12; 10; 10; 10; 9; 5; 16; 0;  ; 1"
"30.21; 30.16; 10; 10; 10; 8; 4; 14; 0;  ; 0"
"30.16; 30.1; 10; 10; 10; 7; 1; 11; 0;  ; 1"
"30.09; 30.02; 10; 10; 10; 9; 1; 13; 0;  ; 0"
"30.04; 29.97; 10; 10; 10; 10; 3; 17; 0;  ; 1"
"30.09; 30.01; 10; 10; 4; 12; 2; 16; 0.17; Rain; 1"
"30.1; 29.99; 10; 7; 0; 14; 3; 24; T; Fog , Rain; 0"
"30.02; 29.91; 10; 10; 10; 12; 4; 21; 0;  ; 1"
"29.94; 29.85; 10; 10; 10; 14; 5; 20; 0;  ; 0"
"29.86; 29.74; 10; 10; 10; 12; 6; 23; 0;  ; 1"
"29.85; 29.8; 10; 10; 10; 13; 6; 22; 0;  ; 1"
"29.93; 29.87; 10; 10; 10; 12; 5; 18; 0;  ; 0"
"30.07; 29.93; 10; 10; 10; 17; 7; 29; 0;  ; 1"
"30.23; 30.16; 10; 10; 10; 9; 3; 15; 0;  ; 1"
"30.17; 30.1; 10; 10; 10; 9; 2; 16; 0;  ; 0"
"30.15; 30.11; 10; 10; 10; 13; 3; 19; T; Rain , Thunderstorm; 0"
"30.19; 30.15; 10; 10; 10; 10; 4; 16; T;  ; 0"
"30.16; 30.07; 10; 8; 1; 10; 3; 17; 0;  ; 0"
"30.12; 30.04; 10; 10; 10; 10; 2; 14; 0;  ; 0"
"30.16; 30.12; 10; 10; 10; 9; 3; 14; 0;  ; 0"
"30.16; 30.09; 10; 10; 10; 12; 2; 16; 0;  ; 1"
"30.13; 30.06; 10; 10; 8; 12; 2; 21; 0;  ; 0"
"30.11; 30.07; 10; 10; 8; 10; 2; 14; 0;  ; 1"
"30.05; 29.96; 10; 8; 0; 12; 3; 17; 0; Fog; 0"
"29.98; 29.9; 10; 9; 1; 15; 5; 22; 0.33; Rain , Thunderstorm; 1"
"30.06; 29.99; 10; 9; 5; 12; 6; 17; 0.01; Rain; 0"
"30.19; 30.11; 10; 8; 0; 16; 5; 25; 1.07; Fog , Rain , Thunderstorm; 1"
"30.24; 30.2; 10; 9; 6; 8; 4; 11; 0;  ; 1"
"30.22; 30.14; 10; 6; 1; 7; 2; 12; 0.24; Rain; 1"
"30.13; 30.07; 10; 10; 5; 12; 2; 20; 0.07; Rain; 0"
"30.09; 30.04; 10; 5; 1; 7; 2; 12; 0.08; Rain; 0"
"30.16; 30.09; 10; 8; 2; 10; 4; 16; 0.49; Rain , Thunderstorm; 1"
"30.23; 30.18; 10; 6; 1; 10; 6; 17; 0.17; Rain; 0"
"30.29; 30.25; 10; 10; 8; 8; 3; 12; 0;  ; 0"
"30.25; 30.17; 10; 8; 2; 8; 2; 12; T; Rain; 0"
"30.22; 30.17; 10; 8; 1; 9; 4; 13; 0;  ; 0"
"30.18; 30.12; 10; 10; 9; 7; 2; 12; 0;  ; 0"
"30.09; 30; 10; 6; 0; 9; 2; 16; 0; Fog; 0"
"30.04; 30; 10; 10; 10; 8; 2; 14; 0;  ; 1"
"29.97; 29.91; 10; 10; 10; 9; 3; 18; 0;  ; 0"
"29.9; 29.81; 10; 9; 1; 15; 7; 26; 0;  ; 1"
"30.1; 29.9; 10; 10; 10; 17; 7; 29; T; Rain; 0"
"30.54; 30.48; 10; 10; 10; 13; 5; 22; 0;  ; 0"
"30.35; 30.21; 10; 10; 10; 10; 2; 15; 0;  ; 0"
"30.09; 29.99; 10; 10; 10; 13; 5; 21; 0;  ; 1"
"29.94; 29.86; 10; 9; 2; 13; 5; 23; 0.49; Rain , Thunderstorm; 1"
"30.11; 29.96; 10; 9; 2; 14; 3; 24; 0.13; Rain; 0"
"30.19; 30.12; 10; 10; 10; 8; 1; 12; 0;  ; 1"
"30.32; 30.2; 10; 10; 6; 10; 4; 14; 0.03; Rain; 0"
"30.31; 30.19; 10; 10; 10; 7; 2; 9; 0;  ; 0"
"29.93; 29.68; 10; 10; 10; 14; 6; 26; 0;  ; 1"
"29.57; 29.52; 10; 10; 10; 17; 6; 28; 0;  ; 1"
"29.67; 29.59; 10; 10; 10; 8; 3; 12; 0;  ; 1"
"30.02; 29.84; 10; 10; 10; 13; 4; 20; 0;  ; 1"
"30.08; 30.01; 10; 10; 10; 12; 3; 16; 0;  ; 0"
"30.05; 30.01; 10; 10; 5; 10; 4; 17; 0.22; Rain; 0"
"29.97; 29.86; 10; 6; 2; 12; 6; 21; 1.29; Rain; 0"
"30.01; 29.93; 10; 8; 2; 13; 6; 19; 0.37; Rain; 1"
"29.85; 29.77; 10; 5; 1; 10; 3; 17; 0.63; Rain; 0"
"29.94; 29.79; 10; 8; 0; 17; 4; 27; 0; Fog; 0"
"30.11; 30.04; 10; 7; 2; 13; 3; 19; 0;  ; 1"
"30.49; 30.27; 10; 10; 9; 21; 10; 32; 0;  ; 0"
"30.6; 30.52; 10; 10; 10; 12; 5; 18; 0;  ; 0"
"30.37; 30.2; 10; 8; 2; 9; 3; 15; 0;  ; 0"
"30.04; 29.92; 10; 5; 0; 14; 4; 25; 0.02; Fog , Rain; 0"
"30.02; 29.96; 10; 10; 10; 10; 3; 17; 0;  ; 1"
"30.01; 29.93; 10; 7; 1; 14; 4; 22; 0;  ; 1"
"30.18; 30.13; 10; 10; 7; 12; 4; 17; 0;  ; 0"
"30.31; 30.16; 10; 7; 2; 12; 5; 20; 0;  ; 1"
"29.94; 29.81; 10; 8; 2; 12; 5; 21; 0;  ; 0"
"29.78; 29.65; 10; 6; 2; 21; 6; 35; 0;  ; 0"
"30.49; 30.25; 10; 10; 10; 21; 12; 35; 0;  ; 1"
"30.68; 30.6; 10; 10; 10; 13; 5; 21; 0;  ; 0"
"30.46; 30.3; 10; 10; 10; 7; 2; 11; 0;  ; 1"
"30.2; 30.1; 10; 10; 10; 12; 4; 19; 0;  ; 0"
"30.26; 30.18; 10; 10; 9; 12; 4; 19; 0;  ; 1"
"30.1; 30; 10; 6; 0; 7; 1; 10; 0.01; Fog , Rain; 1"
"30.02; 29.96; 10; 9; 5; 17; 7; 28; T;  ; 0"
"29.94; 29.85; 10; 10; 10; 17; 9; 32; 0;  ; 1"
"30.11; 29.99; 10; 10; 7; 12; 4; 20; T; Rain; 1"
"30.2; 30.14; 10; 10; 10; 7; 1; 11; T;  ; 1"
"30.08; 29.96; 10; 9; 4; 12; 3; 20; 0;  ; 0"
"30.38; 30.08; 10; 10; 10; 18; 9; 30; 0;  ; 0"
"30.31; 30.09; 10; 10; 10; 12; 4; 16; T;  ; 1"
"29.9; 29.76; 10; 10; 4; 10; 3; 18; T; Rain; 0"
"29.85; 29.79; 10; 8; 0; 7; 2; -; 0; Fog; 1"
"29.85; 29.75; 10; 8; 1; 15; 5; 25; 0.4; Rain , Thunderstorm; 0"
"30.04; 29.95; 10; 10; 10; 12; 4; 23; 0;  ; 1"
"30.13; 29.97; 10; 10; 10; 10; 6; 17; 0;  ; 0"
"29.96; 29.87; 10; 10; 7; 15; 4; 28; 0;  ; 1"
"30.31; 30.12; 10; 10; 10; 17; 10; 28; 0;  ; 1"
"30.74; 30.61; 10; 10; 10; 12; 4; 21; 0;  ; 1"
"30.64; 30.49; 10; 10; 10; 14; 4; 22; 0;  ; 1"
"30.3; 30.12; 10; 10; 10; 15; 5; 27; 0;  ; 1"
"30.02; 29.96; 10; 10; 10; 17; 7; 35; 0;  ; 0"
"29.95; 29.87; 10; 10; 9; 16; 8; 29; 0;  ; 1"
"30.04; 29.95; 10; 10; 7; 14; 8; 26; 0;  ; 1"
"30.25; 30.15; 10; 8; 0; 14; 7; 24; 0.65; Fog , Rain; 0"
"30.33; 30.27; 9; 3; 1; 8; 4; 13; 0.07; Rain; 0"
"30.01; 29.84; 10; 4; 1; 17; 5; 29; 0.61; Rain , Thunderstorm; 0"
"29.97; 29.91; 10; 9; 1; 9; 1; 16; 0.3; Rain , Thunderstorm; 1"
"30.11; 30.03; 10; 7; 0; 14; 6; 22; 1.57; Fog , Rain , Thunderstorm; 0"
"30.09; 29.99; 10; 8; 2; 9; 4; 14; 0.51; Rain , Thunderstorm; 1"
"29.83; 29.7; 10; 10; 10; 12; 3; 18; T; Rain; 1"
"29.74; 29.65; 10; 9; 5; 8; 1; 11; 0;  ; 1"
"29.58; 29.42; 10; 7; 0; 21; 6; 38; 0.02; Fog; 0"
"29.75; 29.56; 10; 10; 10; 24; 11; 43; 0;  ; 0"
"29.94; 29.83; 10; 10; 10; 10; 4; 16; 0;  ; 0"
"29.71; 29.61; 10; 10; 10; 14; 7; 25; 0;  ; 0"
"29.92; 29.73; 10; 10; 10; 15; 7; 24; 0;  ; 0"
"30.27; 30.17; 10; 10; 10; 10; 3; 14; 0;  ; 0"
"30.35; 30.29; 10; 10; 10; 13; 5; 19; 0;  ; 1"
"30.35; 30.27; 10; 10; 10; 14; 6; 22; T; Rain; 1"
"30.32; 30.28; 10; 10; 10; 14; 6; 22; 0;  ; 0"
"30.19; 30.1; 10; 10; 10; 12; 5; 18; 0;  ; 1"
"30.03; 29.96; 10; 10; 10; 13; 4; 21; 0;  ; 1"
"29.98; 29.89; 10; 8; 2; 14; 4; 20; 0;  ; 1"
"30.22; 30.07; 10; 10; 10; 13; 7; 20; 0;  ; 1"
"30.37; 30.29; 10; 10; 10; 13; 6; 21; T;  ; 1"
"30.24; 30.13; 10; 4; 1; 9; 1; 12; 0.02; Rain; 1"
"30.06; 29.98; 10; 6; 0; 12; 3; 19; T; Fog; 0"
"29.91; 29.8; 10; 9; 3; 12; 5; 22; T; Rain; 0"
"29.8; 29.73; 10; 8; 2; 13; 2; 22; 0;  ; 0"
"29.88; 29.73; 10; 10; 10; 18; 5; 26; 0;  ; 1"
"30.28; 30.19; 10; 10; 10; 10; 5; 19; 0;  ; 0"
"30.16; 30.03; 10; 10; 7; 7; 3; 22; 0;  ; 0"
"29.99; 29.91; 10; 8; 5; 12; 6; 21; 0;  ; 0"
"30.09; 29.98; 10; 9; 5; 14; 5; 21; 0;  ; 0"
"30.05; 29.86; 10; 10; 10; 18; 9; 28; T;  ; 1"
"29.94; 29.85; 10; 8; 2; 20; 9; 32; 0.86; Rain , Thunderstorm; 0"
"30.16; 30.12; 10; 10; 10; 16; 7; 24; 0;  ; 0"
"30.1; 30; 10; 10; 10; 12; 3; 15; 0;  ; 1"
"29.85; 29.73; 10; 10; 10; 13; 6; 22; 0;  ; 0"
"29.78; 29.71; 10; 10; 10; 12; 6; 20; 0;  ; 0"
"29.84; 29.77; 10; 7; 2; 20; 8; 37; 0.09; Rain , Thunderstorm; 0"
"29.95; 29.86; 10; 8; 1; 21; 4; 34; 1.12; Rain , Thunderstorm; 1"
"29.97; 29.92; 10; 10; 9; 15; 6; 26; 0;  ; 0"
"29.86; 29.73; 10; 10; 10; 10; 3; 15; 0;  ; 0"
"29.64; 29.52; 10; 10; 10; 15; 5; 25; 0;  ; 1"
"29.8; 29.62; 10; 10; 10; 17; 6; 23; 0;  ; 1"
"30.13; 30.04; 10; 10; 10; 13; 6; 22; 0;  ; 1"
"29.95; 29.87; 10; 10; 9; 12; 3; 18; T;  ; 1"
"29.92; 29.85; 10; 8; 4; 13; 6; 21; T;  ; 0"
"29.89; 29.81; 10; 7; 2; 14; 7; 24; 0;  ; 0"
"30.08; 29.86; 10; 9; 7; 21; 8; 29; 0;  ; 0"
"30.4; 30.3; 10; 10; 10; 13; 5; 23; 0;  ; 1"
"30.48; 30.43; 10; 10; 10; 14; 6; 23; 0;  ; 0"
"30.33; 30.24; 10; 6; 2; 13; 4; 18; 0.66; Rain; 1"
"30.11; 29.99; 10; 6; 1; 12; 4; 19; 0.27; Rain; 0"
"29.94; 29.81; 10; 10; 10; 16; 9; 29; T; Rain; 1"
"30.12; 29.94; 10; 10; 5; 17; 6; 25; T;  ; 1"
"30.23; 30.16; 10; 10; 10; 12; 4; 17; T;  ; 1"
"30.13; 30.01; 10; 10; 6; 14; 5; 23; T; Rain , Thunderstorm; 0"
"30.11; 30.06; 10; 10; 10; 12; 2; 18; T;  ; 0"
"30.09; 30.01; 10; 6; 1; 9; 4; 15; 0.73; Rain; 0"
"30.21; 30.09; 10; 9; 4; 18; 7; 31; 0.01; Rain; 0"
"30.14; 30.06; 10; 6; 2; 12; 3; 18; 0.01; Rain; 0"
"30.24; 30.13; 10; 10; 10; 12; 3; 18; 0;  ; 1"
"30.26; 30.2; 10; 9; 0; 14; 6; 21; 0;  ; 0"
"30.19; 30.07; 10; 7; 2; 14; 6; 24; 0.02;  ; 0"
"30.12; 30.06; 10; 10; 9; 15; 8; 24; 0;  ; 1"
"30.23; 30.17; 10; 10; 7; 10; 4; 16; 0;  ; 0"
"30.2; 30.12; 10; 10; 9; 12; 6; 21; 0;  ; 1"
"30.11; 30.03; 10; 10; 10; 13; 7; 21; 0;  ; 1"
"30.06; 29.98; 10; 10; 8; 13; 8; 23; 0;  ; 1"
"30.07; 30; 10; 10; 10; 14; 7; 23; 0;  ; 1"
"30.02; 29.91; 10; 10; 10; 24; 10; 38; 0;  ; 0"
"29.91; 29.81; 10; 8; 2; 17; 6; 28; 0.05; Rain; 1"
"29.97; 29.89; 10; 10; 10; 12; 4; 17; 0;  ; 1"
"29.84; 29.73; 10; 8; 2; 18; 8; 27; 0;  ; 1"
"29.83; 29.78; 10; 9; 4; 13; 5; 20; 0;  ; 1"
"29.78; 29.62; 10; 8; 4; 22; 10; 35; 0;  ; 0"
"29.76; 29.64; 10; 8; 1; 15; 5; 27; 0.73; Rain , Thunderstorm; 0"
"29.85; 29.75; 10; 10; 10; 15; 4; 26; 0;  ; 1"
"29.76; 29.7; 10; 10; 10; 18; 6; 27; 0;  ; 1"
"29.82; 29.77; 10; 10; 10; 16; 8; 26; 0;  ; 0"
"29.75; 29.65; 10; 7; 1; 16; 6; 29; 0.71; Rain , Thunderstorm; 0"
"29.72; 29.65; 10; 10; 10; 10; 2; 17; 0;  ; 1"
"29.67; 29.6; 10; 10; 10; 14; 5; 22; 0;  ; 1"
"30.04; 29.78; 10; 10; 10; 21; 8; 34; 0;  ; 1"
"30.21; 30.16; 10; 10; 10; 9; 3; 15; 0;  ; 0"
"30.17; 30.07; 10; 10; 10; 12; 4; 20; 0;  ; 0"
"29.99; 29.89; 10; 10; 10; 15; 7; 26; 0;  ; 0"
"29.9; 29.82; 10; 10; 10; 15; 8; 26; 0;  ; 0"
"29.98; 29.89; 10; 8; 1; 13; 7; 22; 0.1; Rain; 0"
"30.12; 30; 10; 8; 1; 10; 4; 18; 0.34; Rain , Thunderstorm; 0"
"30.16; 30.1; 10; 10; 7; 10; 4; 15; 0;  ; 0"
"30.14; 30.04; 10; 9; 5; 14; 6; 23; T; Rain; 1"
"30.07; 29.97; 10; 10; 5; 12; 5; 20; 0;  ; 0"
"30.03; 29.96; 10; 10; 9; 14; 7; 25; 0;  ; 1"
"30.01; 29.95; 10; 10; 10; 14; 6; 21; 0;  ; 0"
"30; 29.93; 10; 10; 6; 16; 5; 26; T; Rain , Thunderstorm; 1"
"30; 29.95; 10; 10; 10; 10; 4; 16; 0;  ; 1"
"30.02; 29.95; 10; 10; 9; 14; 6; 22; T; Rain; 0"
"30; 29.91; 10; 10; 10; 12; 6; 20; 0;  ; 0"
"29.86; 29.72; 10; 10; 9; 14; 7; 23; 0;  ; 1"
"29.99; 29.78; 10; 10; 4; 14; 7; 23; 0.01; Rain; 1"
"30.1; 30; 10; 10; 10; 14; 5; 22; 0;  ; 1"
"29.87; 29.7; 10; 10; 10; 14; 4; 22; 0;  ; 1"
"29.58; 29.46; 10; 10; 10; 16; 7; 26; 0;  ; 1"
"29.56; 29.41; 10; 10; 8; 18; 8; 30; 0;  ; 0"
"29.72; 29.6; 10; 10; 10; 15; 7; 26; 0;  ; 0"
"29.58; 29.5; 10; 9; 7; 17; 9; 26; 0;  ; 1"
"29.59; 29.48; 10; 7; 4; 18; 9; 30; 0.01; Thunderstorm; 1"
"29.89; 29.81; 10; 10; 7; 18; 6; 33; 0.05; Rain , Thunderstorm; 0"
"29.93; 29.85; 10; 10; 10; 14; 6; 23; 0;  ; 1"
"29.9; 29.82; 10; 10; 10; 16; 7; 25; 0;  ; 0"
"29.8; 29.67; 10; 9; 5; 18; 8; 31; T; Rain; 0"
"30.03; 29.95; 10; 10; 10; 18; 8; 34; 0;  ; 1"
"30.03; 29.93; 10; 10; 10; 13; 4; 20; 0;  ; 0"
"29.95; 29.88; 10; 10; 10; 12; 4; 17; 0;  ; 1"
"29.94; 29.88; 10; 10; 10; 15; 6; 23; 0;  ; 1"
"29.97; 29.92; 10; 10; 10; 16; 8; 23; 0;  ; 1"
"29.96; 29.9; 10; 9; 2; 12; 6; 18; 0.04; Rain , Thunderstorm; 0"
"29.91; 29.86; 10; 9; 7; 14; 7; 23; T;  ; 0"
"29.88; 29.79; 10; 7; 2; 15; 3; 25; 0.22; Rain , Thunderstorm; 0"
"29.9; 29.83; 10; 9; 4; 14; 7; 25; 0; Thunderstorm; 0"
"29.91; 29.84; 10; 10; 10; 10; 3; 16; 0;  ; 1"
"29.89; 29.83; 10; 10; 10; 13; 5; 20; 0;  ; 0"
"29.9; 29.81; 10; 10; 9; 15; 7; 24; 0;  ; 1"
"29.8; 29.7; 10; 10; 10; 20; 9; 32; 0;  ; 1"
"29.77; 29.68; 10; 8; 2; 14; 5; 24; 0.12; Rain; 0"
"29.75; 29.66; 10; 8; 5; 20; 10; 33; T;  ; 1"
"29.74; 29.68; 10; 10; 10; 18; 9; 28; 0;  ; 1"
"29.89; 29.77; 10; 9; 1; 15; 4; 23; 1.22; Rain , Thunderstorm; 0"
"30.05; 29.98; 10; 8; 1; 14; 6; 25; 0.67; Rain , Thunderstorm; 0"
"29.99; 29.89; 10; 10; 7; 9; 4; 16; 0.02; Rain; 0"
"29.89; 29.78; 10; 8; 2; 21; 5; 33; 0.07; Rain , Thunderstorm; 1"
"29.83; 29.7; 10; 10; 10; 12; 5; 19; 0;  ; 0"
"29.72; 29.65; 10; 10; 10; 17; 7; 29; 0;  ; 0"
"29.81; 29.74; 10; 10; 7; 13; 6; 24; 0;  ; 0"
"29.85; 29.76; 10; 6; 2; 15; 7; 23; 0.01; Rain; 0"
"29.87; 29.77; 10; 9; 2; 18; 4; 34; 0.47; Rain , Thunderstorm; 0"
"30; 29.92; 10; 10; 10; 8; 2; 11; 0;  ; 0"
"30.02; 29.97; 10; 10; 10; 8; 2; 14; 0;  ; 0"
"30.01; 29.94; 10; 10; 9; 17; 2; 26; 0.02; Rain; 0"
"29.95; 29.86; 10; 10; 9; 10; 4; 16; 0;  ; 1"
"29.92; 29.8; 10; 10; 10; 12; 5; 16; T;  ; 1"
"29.9; 29.81; 10; 10; 2; 12; 4; 20; 0.24; Rain , Thunderstorm; 0"
"29.83; 29.75; 10; 9; 2; 12; 1; 24; 0.17; Rain , Thunderstorm; 0"
"29.74; 29.68; 10; 9; 0; 25; 3; 41; 1.39; Fog , Rain , Thunderstorm; 0"
"29.82; 29.78; 10; 10; 10; 14; 5; 25; 0;  ; 0"
"29.9; 29.86; 10; 10; 10; 9; 3; 17; 0;  ; 1"
"29.9; 29.82; 10; 10; 10; 9; 4; 14; 0;  ; 0"
"29.87; 29.78; 10; 10; 10; 13; 6; 20; 0;  ; 1"
"29.86; 29.8; 10; 10; 10; 14; 6; 21; 0;  ; 1"
"29.9; 29.82; 10; 10; 10; 13; 7; 21; 0;  ; 1"
"29.89; 29.81; 10; 10; 2; 15; 7; 22; T; Rain; 1"
"29.87; 29.8; 10; 10; 10; 18; 7; 27; 0;  ; 1"
"29.9; 29.83; 10; 10; 7; 14; 8; 23; 0;  ; 0"
"29.92; 29.82; 10; 10; 10; 13; 7; 20; 0;  ; 1"
"29.82; 29.72; 10; 10; 10; 16; 7; 29; 0;  ; 1"
"29.73; 29.64; 10; 10; 10; 15; 8; 28; 0;  ; 1"
"29.75; 29.68; 10; 10; 10; 13; 7; 23; 0;  ; 1"
"29.92; 29.82; 10; 10; 2; 13; 4; 19; 0.01; Rain , Thunderstorm; 0"
"29.92; 29.84; 10; 10; 10; 10; 5; 17; 0;  ; 1"
"29.79; 29.68; 10; 10; 10; 14; 6; 22; 0;  ; 1"
"29.67; 29.6; 10; 10; 10; 10; 5; 17; 0;  ; 1"
"29.76; 29.68; 10; 10; 8; 14; 7; 22; 0;  ; 1"
"30.02; 29.89; 10; 8; 1; 13; 5; 23; 0.14; Rain; 1"
"30.11; 30.05; 10; 10; 7; 13; 5; 19; 0.02; Rain; 1"
"30.08; 29.95; 10; 8; 1; 15; 2; 22; 1.07; Rain , Thunderstorm; 1"
"30; 29.9; 10; 7; 2; 20; 3; 30; 0.01; Rain; 0"
"29.91; 29.81; 10; 10; 10; 10; 4; 18; 0;  ; 1"
"29.85; 29.77; 10; 10; 10; 13; 6; 23; 0;  ; 0"
"29.88; 29.84; 10; 10; 10; 16; 8; 27; 0;  ; 1"
"30.02; 29.92; 10; 9; 6; 15; 7; 24; T;  ; 0"
"30.06; 29.95; 10; 10; 8; 14; 6; 25; 0;  ; 1"
"30; 29.89; 10; 10; 10; 13; 7; 26; 0;  ; 1"
"29.97; 29.86; 10; 10; 10; 13; 7; 28; 0;  ; 1"
"30.01; 29.92; 10; 10; 10; 13; 6; 19; 0;  ; 0"
"30.06; 29.98; 10; 10; 10; 12; 4; 20; 0; Thunderstorm; 1"
"30.05; 29.98; 10; 10; 10; 15; 3; 27; 0.02; Rain , Thunderstorm; 1"
"30.02; 29.94; 10; 10; 10; 9; 3; 17; 0; Thunderstorm; 1"
"29.99; 29.91; 10; 10; 10; 12; 4; 19; 0;  ; 0"
"29.95; 29.89; 10; 10; 10; 12; 5; 20; 0;  ; 0"
"29.96; 29.87; 10; 10; 10; 14; 7; 22; 0;  ; 0"
"29.99; 29.93; 10; 10; 10; 13; 6; 20; 0;  ; 0"
"30.06; 29.97; 10; 10; 10; 10; 3; 19; 0;  ; 1"
"30.07; 29.98; 10; 10; 10; 15; 4; 22; 0;  ; 0"
"30.01; 29.94; 10; 9; 2; 23; 3; 35; 0.16; Rain , Thunderstorm; 0"
"29.93; 29.84; 10; 9; 6; 12; 3; 24; 0;  ; 0"
"29.9; 29.84; 10; 10; 10; 16; 3; 23; T; Rain , Thunderstorm; 1"
"29.98; 29.93; 10; 10; 10; 14; 5; 20; 0;  ; 1"
"30.07; 29.99; 10; 10; 10; 18; 5; 29; 0;  ; 0"
"30.03; 29.93; 10; 10; 10; 14; 5; 22; 0;  ; 1"
"29.95; 29.86; 10; 10; 10; 14; 5; 24; T;  ; 1"
"29.9; 29.81; 10; 10; 10; 13; 6; 22; 0;  ; 0"
"29.88; 29.82; 10; 10; 2; 13; 4; 24; 0.04; Rain , Thunderstorm; 1"
"29.95; 29.89; 10; 10; 9; 13; 3; 19; 0.01; Rain , Thunderstorm; 0"
"30.03; 29.95; 10; 10; 9; 15; 7; 24; 0;  ; 1"
"30.03; 29.93; 10; 10; 10; 15; 6; 27; T;  ; 0"
"29.97; 29.88; 10; 10; 10; 12; 5; 21; 0;  ; 0"
"29.9; 29.81; 10; 10; 10; 14; 5; 20; 0;  ; 1"
"29.86; 29.79; 10; 10; 10; 12; 4; 17; 0;  ; 1"
"29.91; 29.87; 10; 10; 10; 13; 4; 20; 0;  ; 0"
"29.97; 29.91; 10; 10; 10; 12; 4; 20; 0;  ; 1"
